gender,past_3_years_bike_related_purchases,DOB,job_title,job_industry_category,wealth_segment,deceased_indicator,owns_car,tenure,address,postcode,state,country,property_valuation,Unnamed: 16,Unnamed: 17,Unnamed: 18,Unnamed: 19,Unnamed: 20,Rank,Value,name
1,86,1957-07-12,General Manager,5,2,N,1,14,45 Shopko Center,4500,1,Australia,6.0,0.4,0.5,0.625,0.53125,1,1,1.71875,Chickie Brister
1,69,1970-03-22,Structural Engineer,6,2,N,0,16,14 Mccormick Park,2113,0,Australia,11.0,1.0,1.0,1.25,1.0625,1,1,1.71875,Morly Genery
0,10,1974-08-28,Senior Cost Accountant,2,0,N,0,10,5 Colorado Crossing,3505,2,Australia,5.0,0.87,0.87,0.87,0.87,1,1,1.71875,Ardelis Forrester
0,64,1979-01-28,Account Representative III,5,0,N,1,5,207 Annamark Plaza,4814,1,Australia,1.0,0.58,0.725,0.725,0.725,4,4,1.703125,Lucine Stutt
0,34,1965-09-21,Financial Analyst,2,0,N,0,19,115 Montana Place,2093,0,Australia,9.0,0.5,0.5,0.625,0.625,4,4,1.703125,Melinda Hadlee
0,39,1951-04-29,Assistant Media Planner,1,1,N,1,22,89105 Pearson Terrace,4075,1,Australia,7.0,0.88,1.1,1.1,1.1,6,6,1.671875,Druci Brandli
1,23,1976-10-06,Compensation Analyst,2,2,N,0,8,7 Nevada Crossing,2620,0,Australia,7.0,0.92,0.92,0.92,0.782,6,6,1.671875,Rutledge Hallt
0,74,1972-12-27,Human Resources Assistant II,7,2,N,1,10,85 Carioca Point,4814,1,Australia,5.0,0.67,0.8375,0.8375,0.711875,8,8,1.65625,Nancie Vian
1,50,1972-04-28,Speech Pathologist,5,2,N,1,5,717 West Drive,2200,0,Australia,10.0,0.96,1.2,1.5,1.275,8,8,1.65625,Duff Karlowicz
1,72,1985-08-02,Accounting Assistant IV,4,2,N,1,17,80 Scofield Junction,4151,1,Australia,5.0,1.08,1.35,1.35,1.1475,10,10,1.640625,Barthel Docket
1,94,1995-01-01,Programmer Analyst I,7,1,N,0,3,3682 Crowley Point,4573,1,Australia,6.0,0.7,0.7,0.875,0.875,10,10,1.640625,Rockwell Matson
1,48,1999-08-30,Environmental Specialist,5,2,N,0,10,3 Golden Leaf Point,3216,2,Australia,8.0,1.03,1.03,1.03,0.8755,12,12,1.625,Wheeler Winward
0,38,1976-12-09,VP Marketing,3,2,N,0,4,0591 Anzinger Circle,2232,0,Australia,10.0,0.92,0.92,1.15,0.9775,14,14,1.59375,Melba Spellacy
0,32,1964-04-19,Clinical Specialist,3,2,N,0,10,39 Kedzie Pass,4053,1,Australia,8.0,0.49,0.49,0.49,0.4165,14,14,1.59375,Mandie Feares
0,61,1993-08-22,Associate Professor,5,2,N,1,4,610 Swallow Street,4051,1,Australia,6.0,0.69,0.8625,0.8625,0.733125,17,17,1.546875,Marcelia Monkleigh
0,83,1976-06-08,Actuary,2,2,N,0,14,61 4th Street,3040,2,Australia,10.0,0.56,0.56,0.7,0.595,17,17,1.546875,Winnifred Beswetherick
0,65,1938-11-09,General Manager,5,0,N,1,11,1550 Russell Way,2222,0,Australia,11.0,0.7,0.875,1.09375,1.09375,19,19,1.53125,Odilia Quick
0,2,1954-08-12,Internal Auditor,5,1,N,0,12,193 North Point,2190,0,Australia,10.0,1.05,1.05,1.3125,1.3125,19,19,1.53125,Karly Willavize
1,11,1968-12-21,Programmer I,5,2,N,1,13,321 Raven Plaza,2161,0,Australia,9.0,0.67,0.8375,1.046875,0.88984375,21,21,1.515625,Teddie Burchill
1,44,1993-09-29,Financial Analyst,2,2,N,1,8,656 Fuller Street,2783,0,Australia,7.0,0.43,0.5375,0.5375,0.456875,21,21,1.515625,Gaston Dallaghan
0,78,1982-10-11,Account Executive,5,2,N,0,4,67 Shelley Street,4703,1,Australia,5.0,0.51,0.51,0.51,0.4335,25,25,1.484375,Brena Schnitter
0,19,1952-06-27,Engineer II,7,2,N,1,7,51 Hooker Court,2640,0,Australia,2.0,1.03,1.2875,1.2875,1.094375,26,26,1.46875,Dyane Burwell
0,71,1966-07-20,Nurse,6,1,N,1,5,1859 Forest Circle,4000,1,Australia,11.0,1.02,1.275,1.59375,1.59375,26,26,1.46875,Claudine Barstowk
0,84,1960-12-10,Librarian,1,1,N,0,11,44557 Rutledge Court,4171,1,Australia,7.0,0.66,0.66,0.825,0.825,26,26,1.46875,Blinnie Roze
1,70,1951-11-28,Clinical Specialist,3,2,N,1,12,8 Novick Trail,2470,0,Australia,2.0,1.06,1.325,1.325,1.12625,32,32,1.453125,Brien Heaton
0,88,1987-01-15,Paralegal,2,2,N,1,7,74 Welch Pass,2620,0,Australia,7.0,0.42,0.525,0.65625,0.5578125,32,32,1.453125,Sybilla MacCart
0,27,1977-05-09,Assistant Manager,2,0,N,0,20,8 Dennis Point,3226,2,Australia,9.0,0.8,0.8,1.0,1.0,32,32,1.453125,Maisie Maddox
0,48,1975-05-10,Senior Quality Engineer,2,0,N,1,13,41042 Lotheville Crossing,4817,1,Australia,1.0,0.88,1.1,1.1,1.1,36,36,1.44765625,Arleen Casbolt
0,24,1985-03-14,Design Engineer,2,2,N,0,3,44 Darwin Lane,3149,2,Australia,10.0,0.83,0.83,1.0375,0.881875,42,42,1.421875,Colene Fishleigh
0,29,1956-08-30,Business Systems Development Analyst,7,1,N,1,5,08708 Moulton Park,2034,0,Australia,12.0,0.89,1.1125,1.390625,1.390625,46,46,1.4078125,Gipsy Ewestace
0,14,1956-07-16,Paralegal,2,0,N,1,19,306 Clemons Junction,4852,1,Australia,1.0,0.88,1.1,1.1,1.1,46,46,1.4078125,Sheena Kybbye
0,59,1977-05-14,Cost Accountant,2,2,N,1,17,169 Bashford Drive,3741,2,Australia,7.0,0.44,0.55,0.55,0.4675,46,46,1.4078125,Gale Disbrow
1,12,1950-05-03,Product Engineer,0,2,N,0,20,3 Vermont Lane,2067,0,Australia,12.0,0.9,0.9,1.125,0.95625,50,50,1.40625,Thaxter Kingsbury
1,62,1999-03-22,Paralegal,2,0,N,1,5,64 Mcguire Trail,4017,1,Australia,8.0,0.42,0.525,0.525,0.525,52,52,1.39453125,Taylor Steuhlmeyer
1,55,1993-12-19,Social Worker,3,1,N,1,11,74127 Blaine Point,3805,2,Australia,7.0,0.78,0.975,0.975,0.975,52,52,1.39453125,Griswold Kelsall
0,87,1995-03-25,Payment Adjustment Coordinator,7,2,N,0,16,293 Mayfield Street,3166,2,Australia,10.0,0.75,0.75,0.9375,0.796875,54,54,1.38125,Lavena Seekings
0,52,1981-02-03,Marketing Assistant,5,2,N,0,9,261 Grayhawk Way,2226,0,Australia,10.0,0.78,0.78,0.975,0.82875,54,54,1.38125,Martelle Tuppeny
1,75,1979-12-17,Recruiter,0,2,N,0,12,2 Schlimgen Terrace,2750,0,Australia,8.0,0.54,0.54,0.54,0.459,57,57,1.375,Briant Ladley
1,47,1983-02-11,Cost Accountant,2,1,N,1,17,06936 Bobwhite Circle,2257,0,Australia,7.0,0.91,1.1375,1.1375,1.1375,57,57,1.375,Lorrie Antonelli
1,31,1971-12-29,Developer I,0,2,N,1,9,283 Acker Drive,2763,0,Australia,9.0,0.65,0.8125,1.015625,0.86328125,62,62,1.36796875,Jedediah Kedie
1,59,1942-02-06,Senior Financial Analyst,2,1,N,0,11,9 Mosinee Parkway,2072,0,Australia,10.0,0.96,0.96,1.2,1.2,62,62,1.36796875,Kaine Smallcombe
0,70,1967-03-18,Electrical Engineer,5,1,N,1,17,45 Becker Place,4504,1,Australia,6.0,0.45,0.5625,0.5625,0.5625,62,62,1.36796875,Loise Iltchev
0,22,1999-11-21,Accountant IV,4,1,N,1,7,27 Karstens Crossing,4214,1,Australia,7.0,0.99,1.2375,1.2375,1.2375,65,65,1.3625,Cristen Maroney
0,58,1983-02-01,Human Resources Manager,7,1,N,0,12,9630 Cottonwood Avenue,2168,0,Australia,8.0,0.9,0.9,0.9,0.9,65,65,1.3625,Dorothy Barnardo
0,69,1996-07-20,Executive Secretary,6,0,N,1,5,989 Graedel Terrace,4208,1,Australia,11.0,1.09,1.3625,1.703125,1.703125,65,65,1.3625,Rosmunda Duxbarry
0,54,1984-10-07,Account Representative I,5,0,N,1,16,76 Bartelt Center,4078,1,Australia,7.0,0.61,0.7625,0.7625,0.7625,68,68,1.3546875,Rozamond Riha
1,62,1999-06-08,Executive Secretary,2,1,N,1,3,29778 Mendota Drive,4036,1,Australia,5.0,0.85,1.0625,1.0625,1.0625,68,68,1.3546875,Gunner Petti
0,11,1996-08-03,Dental Hygienist,3,1,N,1,13,8288 Lyons Way,2484,0,Australia,7.0,0.65,0.8125,0.8125,0.8125,68,68,1.3546875,Sherilyn Canero
0,78,1994-08-04,GIS Technical Architect,2,2,N,0,9,4185 Florence Trail,2121,0,Australia,10.0,1.09,1.09,1.3625,1.158125,72,72,1.35,Bessie Roscow
0,73,1999-09-21,Assistant Professor,2,1,N,0,15,9608 Heffernan Drive,4068,1,Australia,9.0,1.02,1.02,1.275,1.275,72,72,1.35,Kevina Ferandez
1,98,1974-09-17,Budget/Accounting Analyst IV,5,1,N,1,10,12351 Spenser Pass,2034,0,Australia,12.0,0.94,1.175,1.46875,1.46875,72,72,1.35,Hasheem Groucock
1,0,1961-04-15,Research Nurse,3,2,N,0,17,4 Valley Edge Plaza,2759,0,Australia,9.0,0.88,0.88,1.1,0.935,77,77,1.34140625,Tobias Woodhams
0,36,1956-10-22,Speech Pathologist,3,0,N,1,13,1601 Rutledge Lane,3030,2,Australia,7.0,0.98,1.225,1.225,1.225,78,78,1.3375,Glennis Flintoff
0,15,1972-01-14,Computer Systems Analyst IV,5,2,N,1,13,0 Mockingbird Plaza,2212,0,Australia,10.0,0.54,0.675,0.84375,0.7171875,78,78,1.3375,Chanda Mensler
0,15,1973-11-28,Analyst Programmer,1,1,N,0,6,1665 Kenwood Center,2518,0,Australia,6.0,0.99,0.99,0.99,0.99,78,78,1.3375,Katheryn Kinner
1,53,1995-04-09,Desktop Support Technician,5,2,N,0,15,5 4th Center,2097,0,Australia,12.0,0.61,0.61,0.7625,0.648125,78,78,1.3375,Sumner Carrivick
0,34,1965-09-08,Editor,2,2,N,0,9,92214 Spenser Road,2756,0,Australia,8.0,0.77,0.77,0.77,0.6545,78,78,1.3375,Valerie Pickover
1,58,1975-09-12,Biostatistician IV,5,1,N,0,8,564 Forest Dale Avenue,3161,2,Australia,12.0,0.66,0.66,0.825,0.825,84,84,1.328125,Gardie Crellim
1,48,1961-03-22,Database Administrator III,5,1,N,1,16,83 Old Gate Point,2576,0,Australia,10.0,1.09,1.3625,1.703125,1.703125,85,85,1.325,Sean O'Loughlin
0,8,1999-02-15,Assistant Media Planner,1,0,N,0,5,411 Twin Pines Way,2026,0,Australia,9.0,0.97,0.97,1.2125,1.2125,85,85,1.325,Marysa Rouchy
1,49,1950-02-10,Physical Therapy Assistant,5,2,N,1,14,4915 Debra Center,2479,0,Australia,9.0,1.05,1.3125,1.640625,1.39453125,89,89,1.3125,Ossie Midden
1,24,1971-08-18,Structural Engineer,3,0,N,0,16,76 Sunnyside Avenue,4670,1,Australia,2.0,0.48,0.48,0.48,0.48,89,89,1.3125,Sid Carlone
0,34,1978-02-19,Director of Sales,3,2,N,0,19,91164 Washington Terrace,2263,0,Australia,7.0,0.54,0.54,0.54,0.459,89,89,1.3125,Patricia Everix
1,18,1943-02-08,Human Resources Assistant IV,6,2,N,1,15,37439 High Crossing Circle,3350,2,Australia,4.0,1.1,1.375,1.375,1.16875,96,96,1.3,Symon Mawne
1,60,1994-10-31,Nurse Practicioner,7,2,N,0,11,5 Nevada Point,4017,1,Australia,6.0,1.06,1.06,1.06,0.901,96,96,1.3,Karlik Penchen
1,26,1972-11-02,Structural Engineer,5,1,N,0,11,67 Grayhawk Circle,2232,0,Australia,10.0,0.7,0.7,0.875,0.875,99,99,1.296875,Bengt Bilson
0,30,2000-05-09,Structural Analysis Engineer,5,1,N,1,14,0 Meadow Ridge Street,3173,2,Australia,8.0,0.59,0.7375,0.7375,0.7375,99,99,1.296875,Evangelin Boc
0,84,1991-01-22,Associate Professor,7,2,N,0,3,5 Quincy Street,4118,1,Australia,4.0,1.02,1.02,1.275,1.08375,99,99,1.296875,Hanny Treven
0,56,1994-02-11,Dental Hygienist,3,2,N,0,12,13025 Johnson Plaza,4670,1,Australia,2.0,0.95,0.95,0.95,0.8075,102,102,1.28828125,Gina Mallon
1,19,1940-01-18,Marketing Manager,5,2,N,0,9,966 Sunnyside Center,2390,0,Australia,2.0,0.73,0.73,0.73,0.6205,102,102,1.28828125,Reynold Elman
0,64,1980-10-20,Staff Accountant IV,2,0,N,0,8,802 Mallory Park,3919,2,Australia,2.0,0.87,0.87,0.87,0.87,104,104,1.2875,Flossy Concannon
0,59,1961-10-20,VP Sales,2,1,N,1,15,93 Judy Drive,3047,2,Australia,6.0,0.79,0.9875,0.9875,0.9875,104,104,1.2875,Cristen Wiltshire
1,50,1946-10-23,Accountant III,4,2,N,1,16,94 Manitowish Court,4116,1,Australia,3.0,0.84,1.05,1.05,0.8925,104,104,1.2875,Griffith Escot
0,21,1963-06-16,Recruiting Manager,0,2,N,0,18,5013 Erie Crossing,2230,0,Australia,9.0,0.84,0.84,1.05,0.8925,104,104,1.2875,Jamie Jiruca
1,14,1972-04-23,Sales Representative,7,1,N,0,19,540 Sachs Road,3153,2,Australia,8.0,0.98,0.98,0.98,0.98,104,104,1.2875,Lyon Brittan
0,95,1968-11-15,Food Chemist,3,2,N,1,7,6 Anderson Junction,3802,2,Australia,7.0,1.1,1.375,1.71875,1.4609375,111,111,1.28125,Franciska Stigell
1,37,1939-12-09,Staff Scientist,2,2,N,1,11,276 Westend Road,4207,1,Australia,5.0,0.99,1.2375,1.2375,1.051875,111,111,1.28125,Jordan Clampe
0,0,1995-08-13,VP Sales,4,2,N,0,5,65 Milwaukee Hill,3280,2,Australia,2.0,0.91,0.91,0.91,0.7735,114,114,1.275,Meriel Tapp
0,53,1977-11-08,Geologist IV,5,0,N,0,18,4252 Dovetail Pass,4129,1,Australia,6.0,0.49,0.49,0.49,0.49,114,114,1.275,Dolley Starmont
1,64,1946-07-09,Information Systems Manager,8,0,N,1,17,7 Cascade Park,2089,0,Australia,9.0,0.49,0.6125,0.765625,0.765625,114,114,1.275,Rollo Louedey
0,21,1978-01-11,Junior Executive,2,1,N,1,6,29307 Russell Avenue,3094,2,Australia,9.0,0.92,1.15,1.4375,1.4375,114,114,1.275,Jerrine Cosbey
1,37,1987-10-08,Nurse Practicioner,7,2,N,1,4,3 Mcguire Crossing,4510,1,Australia,7.0,0.41,0.5125,0.5125,0.435625,114,114,1.275,Roddy Rubinshtein
0,2,1952-12-14,Automation Specialist II,6,2,N,1,7,6 Golf View Alley,2287,0,Australia,4.0,0.52,0.65,0.65,0.5525,120,120,1.2625,Viki Coutts
1,71,1981-10-29,Software Consultant,7,0,N,0,4,83716 Russell Lane,2145,0,Australia,8.0,1.07,1.07,1.07,1.07,120,120,1.2625,Ashby Bispham
0,3,1975-03-13,Financial Analyst,2,2,N,0,4,8350 Moulton Terrace,4500,1,Australia,4.0,0.43,0.43,0.43,0.3655,120,120,1.2625,Peria Rantoull
0,66,1953-02-27,Social Worker,3,0,N,0,21,7026 Katie Lane,3818,2,Australia,1.0,1.07,1.07,1.07,1.07,127,127,1.25,Rebeca Aggas
1,13,1975-03-10,Civil Engineer,5,2,N,1,9,8 Eggendart Pass,2835,0,Australia,1.0,1.05,1.3125,1.3125,1.115625,127,127,1.25,Ricki Dobrowski
0,42,1940-02-02,Editor,7,2,N,0,12,1 Bluejay Place,4405,1,Australia,1.0,0.63,0.63,0.63,0.5355,127,127,1.25,Georgetta Lovett
0,51,1990-07-12,Design Engineer,7,0,N,1,5,28970 Monument Lane,2560,0,Australia,7.0,0.8,1.0,1.0,1.0,127,127,1.25,Bambi Cogger
0,78,1962-07-28,Geological Engineer,5,0,N,1,5,235 Mendota Court,2650,0,Australia,2.0,0.61,0.7625,0.7625,0.7625,127,127,1.25,Aurie Rhead
0,27,1978-02-05,Graphic Designer,5,0,N,1,14,492 Waywood Lane,2750,0,Australia,8.0,0.93,1.1625,1.1625,1.1625,133,133,1.2375,Lacy Drance
0,90,1990-05-29,Graphic Designer,5,0,N,0,4,6160 Weeping Birch Hill,4509,1,Australia,5.0,1.06,1.06,1.325,1.325,133,133,1.2375,Malorie Votier
1,28,1967-09-27,Social Worker,3,2,N,1,16,7 Oakridge Lane,2284,0,Australia,4.0,0.67,0.8375,0.8375,0.711875,133,133,1.2375,Shepperd Ricards
0,12,1979-06-18,Community Outreach Specialist,2,2,N,1,12,0 Dexter Parkway,2380,0,Australia,3.0,0.57,0.7125,0.7125,0.605625,133,133,1.2375,Daryl Pauncefort
0,60,1980-02-11,Programmer Analyst II,6,2,N,1,3,75813 Lawn Lane,3081,2,Australia,8.0,0.88,1.1,1.1,0.935,133,133,1.2375,Norina Blakeway
1,92,1966-07-16,Desktop Support Technician,5,0,N,1,16,74613 Northport Park,3765,2,Australia,9.0,0.81,1.0125,1.265625,1.265625,133,133,1.2375,My Chaston
1,14,2001-03-08,Pharmacist,3,0,N,1,15,68 Karstens Pass,2176,0,Australia,9.0,0.92,1.15,1.4375,1.4375,142,142,1.23515625,Isak Bergstram
1,28,1949-03-06,VP Marketing,7,2,N,1,20,87254 Hermina Pass,4217,1,Australia,8.0,0.62,0.775,0.775,0.65875,142,142,1.23515625,Grannie Cracker
1,6,1975-12-27,Senior Cost Accountant,2,1,N,1,17,801 Atwood Alley,2138,0,Australia,9.0,0.93,1.1625,1.453125,1.453125,144,144,1.234375,Welby Lourenco
0,4,1981-08-08,Senior Editor,5,2,N,0,6,2 Morrow Alley,4207,1,Australia,1.0,0.98,0.98,0.98,0.833,144,144,1.234375,Glenn Casbourne
0,40,1950-11-05,Sales Associate,2,2,N,0,15,92934 Mallory Trail,2164,0,Australia,9.0,0.99,0.99,1.2375,1.051875,146,146,1.225,Nadiya Balasini
0,82,1965-07-15,Developer II,5,2,N,0,17,90820 Thackeray Street,2218,0,Australia,8.0,0.47,0.47,0.5875,0.499375,146,146,1.225,Tyne Coate
1,38,1969-10-02,VP Marketing,7,2,N,0,16,48 Ludington Plaza,2153,0,Australia,10.0,0.83,0.83,1.0375,0.881875,146,146,1.225,Christie Anders
0,58,1969-05-21,Teacher,3,1,N,0,19,49185 Derek Circle,3977,2,Australia,6.0,0.96,0.96,0.96,0.96,146,146,1.225,Agnella Capener
0,60,1967-12-18,Staff Accountant I,3,0,N,1,4,115 Westridge Road,4570,1,Australia,3.0,0.76,0.95,0.95,0.95,146,146,1.225,Daisy Spowart
0,30,1961-12-26,Environmental Tech,5,0,N,1,14,7 Myrtle Lane,2324,0,Australia,8.0,1.05,1.3125,1.3125,1.3125,152,152,1.221875,Denys Minshall
1,61,1969-02-10,VP Sales,2,2,N,1,18,7795 Memorial Drive,2016,0,Australia,11.0,0.7,0.875,1.09375,0.9296875,153,153,1.21875,Archibald Blessed
1,54,1961-08-14,Account Coordinator,3,2,N,0,11,24695 Boyd Road,3201,2,Australia,5.0,0.84,0.84,0.84,0.714,154,154,1.203125,Feodor Englishby
1,6,1956-09-04,Compensation Analyst,2,2,N,0,9,95306 John Wall Avenue,4350,1,Australia,5.0,1.02,1.02,1.02,0.867,155,155,1.2,Skippie Yearsley
0,89,1976-10-24,Health Coach II,2,2,N,0,21,98158 Alpine Point,4212,1,Australia,9.0,0.9,0.9,1.125,0.95625,157,157,1.1953125,Tessa Friese
0,16,1957-05-25,Programmer Analyst III,3,2,N,0,7,33652 Lyons Alley,2763,0,Australia,9.0,0.96,0.96,1.2,1.02,158,158,1.1875,Roseanne Caruth
1,37,1986-08-07,Geologist III,6,0,N,0,4,35151 Bunker Hill Crossing,2068,0,Australia,12.0,0.47,0.47,0.5875,0.5875,158,158,1.1875,Nichole Leisman
0,23,1995-08-04,Health Coach II,3,2,N,1,10,2093 Amoth Pass,3109,2,Australia,11.0,0.89,1.1125,1.390625,1.18203125,158,158,1.1875,Amil Ennor
0,60,1969-08-27,Assistant Professor,5,0,N,1,9,57343 Eagan Avenue,2326,0,Australia,2.0,0.92,1.15,1.15,1.15,163,163,1.18203125,Shawna Hinrichsen
1,55,1976-03-12,Clinical Specialist,3,2,N,0,4,5612 Toban Point,2227,0,Australia,10.0,0.79,0.79,0.9875,0.839375,166,166,1.175,Robert Corkill
0,65,1973-03-18,Assistant Professor,2,1,N,0,12,65 Ridge Oak Court,2471,0,Australia,3.0,0.54,0.54,0.54,0.54,166,166,1.175,Elvira Kurten
0,55,1989-01-05,Environmental Tech,5,2,N,1,8,74 Russell Terrace,4350,1,Australia,4.0,1.05,1.3125,1.3125,1.115625,166,166,1.175,Juliana Mitchenson
0,99,1952-07-01,Senior Developer,7,0,N,0,15,255 Loeprich Lane,3752,2,Australia,9.0,0.51,0.51,0.6375,0.6375,166,166,1.175,Regine Bownes
1,33,1986-01-23,Staff Scientist,0,0,N,0,13,67 Northport Avenue,3805,2,Australia,7.0,0.44,0.44,0.44,0.44,166,166,1.175,Abner Fraschetti
1,36,1956-02-22,Help Desk Technician,6,2,N,1,10,5 Golf Terrace,2126,0,Australia,11.0,0.57,0.7125,0.890625,0.75703125,166,166,1.175,Sawyer Sponton
1,60,1989-11-18,VP Quality Control,2,2,N,1,4,40809 Truax Way,2209,0,Australia,6.0,0.42,0.525,0.525,0.44625,173,173,1.171875,Feodor Vickers
1,56,1995-02-19,Assistant Manager,5,0,N,1,16,1398 Burning Wood Way,3850,2,Australia,1.0,0.68,0.85,0.85,0.85,174,174,1.16875,Paten Cayet
0,72,1955-09-06,Research Assistant IV,6,2,N,0,5,3920 Swallow Junction,3038,2,Australia,8.0,0.89,0.89,0.89,0.7565,174,174,1.16875,Loria Tappington
0,54,1992-07-05,Speech Pathologist,8,1,N,0,7,4 Warner Park,2146,0,Australia,9.0,0.79,0.79,0.9875,0.9875,174,174,1.16875,Tanya Kiefer
1,51,1952-04-01,Software Consultant,5,2,N,0,16,48 Shoshone Park,2066,0,Australia,9.0,0.72,0.72,0.9,0.765,177,177,1.1625,Omero McDonand
1,92,1950-12-26,Sales Representative,7,2,N,1,13,170 Briar Crest Place,2120,0,Australia,10.0,0.89,1.1125,1.390625,1.18203125,177,177,1.1625,Iain Haversham
0,71,1975-03-26,Assistant Manager,2,2,N,0,5,0193 Northland Street,4179,1,Australia,9.0,0.4,0.4,0.5,0.425,177,177,1.1625,Keriann Newham
1,39,1965-01-08,Assistant Manager,3,1,N,0,9,5219 Pearson Drive,2148,0,Australia,9.0,0.7,0.7,0.875,0.875,181,181,1.158125,Conroy Rappaport
1,78,1974-12-09,Junior Executive,5,2,N,0,18,6156 Summit Center,4352,1,Australia,7.0,0.76,0.76,0.76,0.646,181,181,1.158125,Dorian Rustman
1,34,1974-03-25,Computer Systems Analyst I,5,2,N,1,13,735 Westridge Road,2454,0,Australia,7.0,0.87,1.0875,1.0875,0.924375,181,181,1.158125,Harlin Mazin
0,68,1985-09-02,Account Representative IV,6,2,N,0,5,1190 Hanson Street,3806,2,Australia,9.0,0.46,0.46,0.575,0.48875,181,181,1.158125,Eustacia Dornan
1,65,1992-07-27,Social Worker,3,1,N,1,3,370 Division Junction,3032,2,Australia,10.0,0.52,0.65,0.8125,0.8125,181,181,1.158125,Maury Galego
0,26,1971-11-28,Senior Editor,2,1,N,0,17,90 Northport Hill,2228,0,Australia,10.0,0.98,0.98,1.225,1.225,181,181,1.158125,Reggie Kernar
0,7,1986-11-09,Safety Technician I,6,1,N,0,9,232 Knutson Park,4060,1,Australia,10.0,0.81,0.81,1.0125,1.0125,188,188,1.15625,Kinna Kollasch
1,74,1996-05-30,VP Product Management,4,0,N,0,10,25805 Eagan Place,2766,0,Australia,9.0,0.71,0.71,0.8875,0.8875,190,190,1.15546875,Maurizio Comi
0,32,1992-03-27,Physical Therapy Assistant,6,0,N,0,8,743 Debra Court,2117,0,Australia,11.0,0.92,0.92,1.15,1.15,191,191,1.15,Elbertina Fendley
1,55,1938-10-16,Clinical Specialist,3,2,N,1,7,6966 Delladonna Street,2250,0,Australia,8.0,0.78,0.975,0.975,0.82875,191,191,1.15,Franklin Wohler
0,16,1970-03-19,Human Resources Manager,8,1,N,0,10,98221 Pennsylvania Place,2170,0,Australia,8.0,1.03,1.03,1.03,1.03,191,191,1.15,Allyson Petchell
0,47,1969-08-02,GIS Technical Architect,0,2,N,0,7,307 Knutson Center,2226,0,Australia,10.0,0.66,0.66,0.825,0.70125,191,191,1.15,Ermentrude Heindle
0,26,1944-01-05,Dental Hygienist,3,2,N,1,11,593 Alpine Drive,3195,2,Australia,12.0,0.69,0.8625,1.078125,0.91640625,195,195,1.1475,Alanna Lerway
1,6,1972-03-10,Analog Circuit Design manager,6,0,N,0,16,45788 Stang Plaza,3687,2,Australia,3.0,0.87,0.87,0.87,0.87,195,195,1.1475,Vincent Jopke
0,55,1966-01-02,Geological Engineer,5,1,N,1,12,496 Logan Center,4207,1,Australia,4.0,0.81,1.0125,1.0125,1.0125,195,195,1.1475,Charlena Berney
0,44,1952-10-20,Analyst Programmer,7,2,N,1,7,518 Paget Hill,4605,1,Australia,1.0,0.95,1.1875,1.1875,1.009375,202,202,1.140625,Rosemonde Cartwight
1,31,1976-08-27,Research Assistant II,8,0,N,0,9,1582 Bashford Drive,4018,1,Australia,7.0,0.83,0.83,0.83,0.83,206,206,1.1375,Benoit Harniman
0,12,1958-01-03,Social Worker,3,1,N,0,19,06 Old Gate Park,2144,0,Australia,9.0,0.7,0.7,0.875,0.875,206,206,1.1375,Jenelle Fearnill
1,92,1967-05-25,Financial Analyst,2,0,N,0,4,49 Surrey Point,4710,1,Australia,4.0,0.66,0.66,0.825,0.825,206,206,1.1375,Tannie Gambrell
1,32,1967-12-12,Senior Cost Accountant,2,2,N,0,16,59254 Northland Alley,2032,0,Australia,10.0,0.63,0.63,0.7875,0.669375,206,206,1.1375,Mick Macewan
1,12,1997-03-13,Chief Design Engineer,7,2,N,0,6,89 Parkside Street,3021,2,Australia,6.0,1.05,1.05,1.05,0.8925,212,212,1.136875,Tabbie Curner
1,28,1956-10-16,Account Executive,1,1,N,0,10,7 Hazelcrest Place,2165,0,Australia,8.0,0.49,0.49,0.49,0.49,212,212,1.136875,Shane Killen
0,9,1947-02-28,Information Systems Manager,6,2,N,1,22,013 David Junction,4211,1,Australia,7.0,0.8,1.0,1.0,0.85,215,215,1.12890625,Roberta Goodale
1,11,2000-04-07,Legal Assistant,5,2,N,0,4,840 Graceland Street,2125,0,Australia,11.0,0.84,0.84,1.05,0.8925,215,215,1.12890625,Kippy Barabisch
0,8,1963-01-01,Occupational Therapist,3,0,N,1,18,890 Truax Lane,4285,1,Australia,2.0,0.99,1.2375,1.2375,1.2375,218,218,1.12625,Cami Barnbrook
1,78,1980-02-16,Statistician I,2,2,N,1,18,72922 Cambridge Terrace,2026,0,Australia,11.0,1.07,1.3375,1.671875,1.42109375,219,219,1.125,Dorian Stollen
1,68,1981-06-20,Payment Adjustment Coordinator,7,2,N,1,15,6 Novick Alley,3934,2,Australia,8.0,1.06,1.325,1.325,1.12625,219,219,1.125,Giorgi O'Shirine
1,66,1979-02-05,Technical Writer,3,2,N,1,7,76 Donald Trail,2160,0,Australia,9.0,1.07,1.3375,1.671875,1.42109375,219,219,1.125,Kort Disley
1,66,2000-01-25,Chief Design Engineer,3,1,N,0,9,3630 Dawn Crossing,2446,0,Australia,8.0,0.45,0.45,0.45,0.45,223,223,1.115625,Tobiah Heinsius
1,0,2000-06-25,Technical Writer,5,2,N,1,15,68 Fairfield Street,4115,1,Australia,8.0,0.41,0.5125,0.5125,0.435625,226,226,1.1125,Hersh Stubbert
1,54,1964-06-22,Cost Accountant,2,1,N,0,8,5 Briar Crest Road,2099,0,Australia,9.0,0.41,0.41,0.5125,0.5125,226,226,1.1125,Wyn Saynor
0,46,1954-11-13,Associate Professor,2,2,N,0,7,945 Bobwhite Court,2430,0,Australia,8.0,0.71,0.71,0.71,0.6035,226,226,1.1125,Maribeth Stivani
0,48,1963-12-13,VP Marketing,3,0,N,1,14,2 Glendale Center,4207,1,Australia,4.0,1.0,1.25,1.25,1.25,230,230,1.109375,Abigale Sives
1,52,1978-05-31,Health Coach IV,3,2,N,1,14,21824 Northridge Alley,2117,0,Australia,10.0,0.51,0.6375,0.796875,0.67734375,231,231,1.105,Gothart Artus
1,50,1943-09-24,Statistician I,5,2,N,1,18,68 Anthes Park,2007,0,Australia,9.0,0.64,0.8,1.0,0.85,231,231,1.105,Danny Bodle
0,53,1943-07-14,Teacher,6,2,N,0,16,036 Redwing Street,2011,0,Australia,7.0,0.86,0.86,0.86,0.731,233,233,1.1,Deborah Petrovsky
0,97,1943-10-05,Mechanical Systems Engineer,8,1,N,1,13,87 Sheridan Junction,2281,0,Australia,8.0,1.07,1.3375,1.671875,1.671875,237,237,1.094375,Latrena Walklate
0,84,1941-10-02,Design Engineer,1,2,N,1,15,2 Logan Avenue,4307,1,Australia,1.0,1.01,1.2625,1.578125,1.34140625,237,237,1.094375,Leticia Danovich
0,18,1974-01-24,VP Quality Control,5,1,N,1,9,52761 Portage Crossing,3170,2,Australia,9.0,0.41,0.5125,0.640625,0.640625,241,241,1.0875,Farra Matyushkin
0,94,1959-05-08,Nurse Practicioner,5,2,N,0,5,8 Fieldstone Street,4065,1,Australia,9.0,0.55,0.55,0.6875,0.584375,241,241,1.0875,Robenia Monks
1,57,1969-09-21,Associate Professor,5,0,N,1,16,8957 Anhalt Alley,3004,2,Australia,4.0,0.96,1.2,1.2,1.2,241,241,1.0875,Roman Eastwood
1,29,1957-11-15,Junior Executive,3,2,N,0,12,5 High Crossing Junction,4556,1,Australia,8.0,1.1,1.1,1.1,0.935,244,244,1.08375,Solomon Bruck
0,8,1967-09-11,Recruiter,5,0,N,1,4,178 Waxwing Trail,3134,2,Australia,10.0,0.73,0.9125,1.140625,1.140625,244,244,1.08375,Katharine Redbourn
0,74,1963-05-02,Business Systems Development Analyst,2,1,N,0,14,8648 Green Alley,4680,1,Australia,3.0,0.78,0.78,0.78,0.78,244,244,1.08375,Cammy Stoneham
1,49,1971-04-26,Senior Cost Accountant,2,0,N,1,10,08912 Carberry Place,4036,1,Australia,7.0,0.59,0.7375,0.7375,0.7375,248,248,1.078125,Ellsworth Andrieux
1,59,1978-12-11,Product Engineer,6,1,N,1,11,720 Menomonie Crossing,2380,0,Australia,4.0,0.93,1.1625,1.1625,1.1625,249,249,1.07578125,Federico Leuty
1,57,1974-05-14,Analog Circuit Design manager,1,1,N,0,18,0686 Hallows Trail,4506,1,Australia,3.0,0.58,0.58,0.58,0.58,250,250,1.075,Ferdy Hornung
0,90,1975-03-12,Cost Accountant,2,2,N,0,11,6668 Blue Bill Park Plaza,2209,0,Australia,10.0,1.06,1.06,1.325,1.12625,250,250,1.075,Sunny Christescu
1,85,1967-02-03,Software Test Engineer IV,3,0,N,1,6,06 Dwight Park,4119,1,Australia,2.0,0.72,0.9,1.125,1.125,252,252,1.073125,Shadow Yakutin
0,13,1961-01-16,Sales Representative,7,2,N,0,9,5202 Crowley Place,2145,0,Australia,9.0,0.6,0.6,0.75,0.6375,252,252,1.073125,Sharai Priddie
0,91,1980-09-16,Product Engineer,4,2,N,0,9,14709 Portage Avenue,2166,0,Australia,9.0,0.72,0.72,0.9,0.765,252,252,1.073125,Celeste Fretson
0,75,1997-09-25,Structural Analysis Engineer,2,1,N,0,12,895 Glendale Park,2026,0,Australia,12.0,0.46,0.46,0.575,0.575,252,252,1.073125,Lea Ilyinski
0,17,1939-07-17,Nuclear Power Engineer,5,2,N,0,16,0474 Bowman Hill,3031,2,Australia,10.0,0.88,0.88,1.1,0.935,252,252,1.073125,Dyann Olechnowicz
0,49,1959-04-11,Account Coordinator,7,2,N,0,15,652 Fuller Terrace,3206,2,Australia,12.0,0.56,0.56,0.7,0.595,252,252,1.073125,Delly Sunman
0,41,1971-11-27,Geological Engineer,5,1,N,0,19,9193 Prairieview Drive,2155,0,Australia,10.0,0.51,0.51,0.6375,0.6375,259,259,1.0625,Kaela Romaines
0,9,1969-07-06,Recruiting Manager,7,2,N,1,14,13272 Basil Avenue,3103,2,Australia,9.0,0.59,0.7375,0.921875,0.78359375,259,259,1.0625,Evonne Bembridge
0,21,1991-06-07,Analog Circuit Design manager,0,1,N,0,6,29 Aberg Crossing,4210,1,Australia,6.0,1.04,1.04,1.04,1.04,259,259,1.0625,Shannen Lewin
1,88,1992-11-18,Software Engineer II,4,2,N,1,10,4 Monterey Road,4165,1,Australia,9.0,1.07,1.3375,1.671875,1.42109375,259,259,1.0625,Bogey Attew
0,36,1948-01-13,Cost Accountant,2,2,N,1,7,416 Lighthouse Bay Lane,4510,1,Australia,5.0,0.48,0.6,0.6,0.51,259,259,1.0625,Zondra Ringham
1,57,1996-02-19,Account Executive,5,0,N,1,2,05475 Elgar Place,4000,1,Australia,6.0,0.8,1.0,1.0,1.0,259,259,1.0625,Barnebas Apfel
0,81,1969-11-17,Desktop Support Technician,6,2,N,1,18,47 Kim Terrace,2566,0,Australia,8.0,0.78,0.975,1.21875,1.0359375,259,259,1.0625,Gerri Schimann
0,82,1973-09-25,Actuary,2,2,N,0,7,590 Hagan Parkway,3805,2,Australia,7.0,1.03,1.03,1.2875,1.094375,259,259,1.0625,Antonietta Egle
1,70,1951-12-16,Engineer IV,5,0,N,1,14,94694 Eagle Crest Terrace,3977,2,Australia,7.0,0.81,1.0125,1.0125,1.0125,259,259,1.0625,Raff Waycott
0,89,1972-01-17,Database Administrator II,3,1,N,0,8,261 Orin Center,2763,0,Australia,8.0,1.01,1.01,1.2625,1.2625,259,259,1.0625,Lark Gonet
1,84,1996-07-01,Chemical Engineer,5,1,N,1,1,667 Waxwing Plaza,3199,2,Australia,7.0,0.78,0.975,1.21875,1.21875,271,271,1.06,Cletis Longley
0,99,1976-08-24,Accountant III,5,2,N,0,3,88 Mifflin Pass,2529,0,Australia,10.0,0.8,0.8,1.0,0.85,271,271,1.06,Theresa Cowper
1,48,1956-06-28,Executive Secretary,5,2,N,0,6,10 Dexter Park,2177,0,Australia,9.0,0.7,0.7,0.875,0.74375,274,274,1.051875,Philbert Raraty
1,35,1976-06-11,Structural Engineer,5,0,N,0,13,3 Sundown Hill,2168,0,Australia,9.0,0.92,0.92,1.15,1.15,274,274,1.051875,Egon Ortells
0,70,1953-03-12,Office Assistant II,8,1,N,0,6,39192 Glendale Alley,2092,0,Australia,12.0,0.59,0.59,0.7375,0.7375,274,274,1.051875,Timi Duny
1,50,1962-10-06,Research Associate,3,0,N,1,5,7307 Lake View Crossing,3804,2,Australia,9.0,0.53,0.6625,0.828125,0.828125,278,278,1.05,Dominick Asher
0,64,1976-03-07,Database Administrator I,2,2,N,1,16,1199 Express Plaza,3046,2,Australia,9.0,0.72,0.9,1.125,0.95625,278,278,1.05,Raye Roo
0,81,1965-07-03,General Manager,2,0,N,0,17,1 Namekagon Point,3791,2,Australia,9.0,0.45,0.45,0.5625,0.5625,278,278,1.05,Becka Hacon
0,26,1971-09-18,Design Engineer,8,2,N,1,10,6784 Spohn Alley,3021,2,Australia,8.0,0.47,0.5875,0.5875,0.499375,282,282,1.04921875,Verla Dumingos
0,37,1978-04-02,Associate Professor,5,2,N,0,19,67 Shelley Crossing,3350,2,Australia,2.0,1.03,1.03,1.03,0.8755,282,282,1.04921875,Sherrie Godleman
0,88,1967-01-09,Pharmacist,3,2,N,0,11,351 Sunfield Lane,4370,1,Australia,7.0,0.55,0.55,0.6875,0.584375,285,285,1.04125,Konstanze Hovie
1,3,1957-03-23,Payment Adjustment Coordinator,2,1,N,1,19,8427 Moulton Place,2680,0,Australia,3.0,0.47,0.5875,0.5875,0.5875,285,285,1.04125,Bink Bentje
1,70,1947-04-22,Senior Sales Associate,0,0,N,0,13,984 Del Sol Junction,4659,1,Australia,8.0,0.9,0.9,0.9,0.9,287,287,1.04,Taber Szymon
0,96,1976-04-20,Account Representative IV,7,0,N,1,9,8737 Scoville Center,2770,0,Australia,7.0,0.54,0.675,0.84375,0.84375,289,289,1.0375,Giana Staresmeare
1,50,1990-11-13,Account Coordinator,5,1,N,1,10,385 Montana Place,3012,2,Australia,1.0,0.81,1.0125,1.0125,1.0125,289,289,1.0375,Morton Petkens
1,15,1972-07-30,Nuclear Power Engineer,5,0,N,0,9,2 Magdeline Street,3199,2,Australia,8.0,0.85,0.85,0.85,0.85,291,291,1.0359375,Paquito Atwood
0,88,1963-05-11,Associate Professor,3,2,N,1,6,356 Carberry Avenue,3082,2,Australia,7.0,0.89,1.1125,1.390625,1.18203125,291,291,1.0359375,Shelli Bartholomaus
1,36,1980-02-01,Financial Advisor,2,2,N,0,4,71 Ludington Center,4208,1,Australia,8.0,0.74,0.74,0.74,0.629,295,295,1.03125,Kermit Lebond
0,68,1988-01-30,Senior Financial Analyst,2,2,N,1,5,2116 Continental Terrace,2795,0,Australia,7.0,0.56,0.7,0.7,0.595,295,295,1.03125,Biddie Gorce
1,97,1965-02-27,Account Executive,2,2,N,1,4,7 Elgar Road,2148,0,Australia,8.0,0.62,0.775,0.96875,0.8234375,297,297,1.030625,Geoff Sitford
0,59,1947-10-08,Physical Therapy Assistant,7,2,N,0,17,71 Stone Corner Avenue,2007,0,Australia,11.0,0.47,0.47,0.5875,0.499375,297,297,1.030625,Tiphanie Blackader
1,39,1988-01-10,Systems Administrator I,7,2,N,1,10,0 Esker Avenue,4019,1,Australia,5.0,0.74,0.925,0.925,0.78625,297,297,1.030625,Zollie Crinidge
0,97,1993-08-09,Cost Accountant,2,2,N,0,7,61825 Debs Terrace,3167,2,Australia,9.0,0.48,0.48,0.6,0.51,302,302,1.03,Daisy Pollen
1,79,1981-08-05,Systems Administrator IV,3,0,N,1,11,11 Oak Terrace,2026,0,Australia,12.0,0.49,0.6125,0.765625,0.765625,302,302,1.03,Emelen Bidnall
0,42,1955-07-17,Quality Engineer,2,1,N,1,13,8 Randy Park,4214,1,Australia,8.0,1.03,1.2875,1.2875,1.2875,304,304,1.025,Manya Abramovici
0,81,1974-08-09,Recruiting Manager,2,2,N,0,6,0 Mayfield Parkway,4272,1,Australia,7.0,0.63,0.63,0.7875,0.669375,304,304,1.025,Brynna Tivers
0,45,1981-02-15,Occupational Therapist,3,2,N,0,11,99 Westend Court,2287,0,Australia,6.0,0.43,0.43,0.43,0.3655,304,304,1.025,Loleta Aberdalgy
0,28,1965-12-13,Design Engineer,3,2,N,0,5,31675 Corry Way,3977,2,Australia,5.0,0.69,0.69,0.69,0.5865,312,312,1.02,Claudine Dymick
1,61,1989-12-15,Teacher,5,1,N,0,7,4882 Dakota Center,2305,0,Australia,8.0,0.43,0.43,0.43,0.43,312,312,1.02,Seamus Cains
1,95,1968-11-24,Senior Sales Associate,5,2,N,0,7,4 Warner Circle,2227,0,Australia,11.0,0.82,0.82,1.025,0.87125,312,312,1.02,Guss Karim
0,96,1978-05-13,Office Assistant I,5,1,N,0,18,016 Westport Park,3073,2,Australia,9.0,0.57,0.57,0.7125,0.7125,312,312,1.02,Roch Symson
0,3,1957-10-17,Pharmacist,3,2,N,1,15,19 Debs Parkway,3029,2,Australia,6.0,0.8,1.0,1.0,0.85,312,312,1.02,Audry Fann
0,74,1955-07-28,Human Resources Assistant II,3,0,N,1,14,4110 Mifflin Center,2127,0,Australia,8.0,0.54,0.675,0.675,0.675,312,312,1.02,Clari Voas
1,87,1981-09-11,Analyst Programmer,2,0,N,1,4,62 Spaight Center,2566,0,Australia,9.0,0.98,1.225,1.53125,1.53125,320,320,1.015625,Zach Hedman
1,23,1977-04-08,Engineer III,2,1,N,0,12,7353 Mallard Junction,2165,0,Australia,6.0,0.81,0.81,0.81,0.81,322,322,1.0125,Parnell Lamprey
0,0,1981-11-29,Software Engineer I,6,2,N,0,17,066 Warner Trail,2582,0,Australia,9.0,0.47,0.47,0.5875,0.499375,322,322,1.0125,Honey Gosdin
1,35,1992-08-27,Account Representative I,5,1,N,0,9,52752 Barby Hill,3020,2,Australia,9.0,0.76,0.76,0.95,0.95,324,324,1.01,Sonny McCart
0,14,1955-01-08,Programmer III,3,1,N,0,7,0 Stoughton Park,3000,2,Australia,1.0,0.47,0.47,0.47,0.47,326,326,1.009375,Deirdre Burgoine
1,32,1978-07-22,Technical Writer,5,1,N,0,21,797 Westend Street,4207,1,Australia,6.0,0.48,0.48,0.48,0.48,329,329,1.0,Zechariah McReidy
0,32,1972-11-26,Senior Developer,6,2,N,0,11,5316 Farwell Hill,2800,0,Australia,4.0,0.83,0.83,0.83,0.7055,329,329,1.0,Carry Costi
1,64,1997-09-27,Librarian,1,2,N,1,7,4793 Mcbride Pass,3013,2,Australia,8.0,1.02,1.275,1.275,1.08375,329,329,1.0,Nil Shirer
1,33,1978-05-27,Media Manager I,7,0,N,1,9,01124 Dottie Lane,3630,2,Australia,2.0,0.52,0.65,0.65,0.65,334,334,0.99875,Erhard O'Moylane
0,62,1945-08-08,Financial Advisor,2,2,N,1,15,42681 Carey Alley,2011,0,Australia,10.0,0.47,0.5875,0.734375,0.62421875,334,334,0.99875,Vitia Axtens
1,81,1943-08-27,Civil Engineer,5,2,N,0,7,2941 Talisman Alley,2145,0,Australia,9.0,0.74,0.74,0.925,0.78625,334,334,0.99875,Haskell Moxted
0,8,1999-10-24,Environmental Tech,2,2,N,1,16,990 Hoffman Avenue,3029,2,Australia,7.0,0.95,1.1875,1.1875,1.009375,334,334,0.99875,Ebony Conrad
0,93,1969-10-09,Human Resources Manager,3,0,N,1,17,23694 Leroy Place,4560,1,Australia,3.0,0.52,0.65,0.8125,0.8125,341,341,0.99,Nicole Ruckhard
0,38,1968-12-11,Software Consultant,4,2,N,1,11,53 Memorial Street,3163,2,Australia,10.0,1.09,1.3625,1.703125,1.44765625,341,341,0.99,Celestina Lethardy
1,84,1951-11-27,Data Coordiator,4,0,N,0,10,691 Valley Edge Alley,4078,1,Australia,6.0,0.69,0.69,0.8625,0.8625,341,341,0.99,Tannie Petrakov
0,22,1939-12-22,VP Marketing,5,2,N,1,16,60073 Pankratz Pass,4075,1,Australia,10.0,0.95,1.1875,1.484375,1.26171875,341,341,0.99,Bessy Saladin
1,17,1964-09-28,Business Systems Development Analyst,5,0,N,1,13,8 Schlimgen Drive,4055,1,Australia,7.0,1.02,1.275,1.275,1.275,345,345,0.988125,Diego Van den Broek
0,43,1941-07-21,Associate Professor,6,2,N,1,7,69710 Northfield Center,2256,0,Australia,9.0,0.64,0.8,1.0,0.85,345,345,0.988125,Cissiee Pollington
1,22,1961-02-11,Software Consultant,2,1,N,1,17,1 Kinsman Crossing,4158,1,Australia,6.0,0.98,1.225,1.225,1.225,345,345,0.988125,Eddy Sturch
0,11,1953-08-08,Social Worker,3,2,N,0,5,40553 Rigney Avenue,2835,0,Australia,1.0,0.97,0.97,0.97,0.8245,349,349,0.9875,Caron Kezar
1,67,1981-05-26,Web Developer IV,5,1,N,0,12,48578 Farmco Park,3235,2,Australia,10.0,0.72,0.72,0.9,0.9,349,349,0.9875,Sandor Stirland
0,74,1944-10-21,Environmental Specialist,0,2,N,1,17,28 Golf View Terrace,3101,2,Australia,10.0,0.53,0.6625,0.828125,0.70390625,349,349,0.9875,Delinda Ech
1,19,1953-10-19,Pharmacist,3,0,N,1,12,0197 Sachs Avenue,2747,0,Australia,8.0,0.47,0.5875,0.5875,0.5875,349,349,0.9875,Hussein Tapenden
0,45,1980-07-30,Registered Nurse,3,0,N,0,10,67 Heath Circle,2290,0,Australia,8.0,1.01,1.01,1.01,1.01,356,356,0.9828125,Kaylyn Jakaway
0,30,1944-11-10,Human Resources Manager,3,2,N,1,11,3 Sheridan Lane,3075,2,Australia,7.0,0.76,0.95,0.95,0.8075,356,356,0.9828125,Brynn Goodyear
1,99,1990-07-28,Media Manager IV,7,1,N,0,10,335 Cambridge Hill,3122,2,Australia,7.0,0.43,0.43,0.5375,0.5375,358,358,0.98,Pace Clemonts
1,7,1979-10-31,Senior Editor,8,2,N,0,12,4597 Marcy Point,2232,0,Australia,10.0,0.89,0.89,1.1125,0.945625,361,361,0.9775,Muffin Grigolon
0,67,1997-12-26,Nurse Practicioner,2,2,N,1,10,9 Walton Way,2641,0,Australia,2.0,0.7,0.875,0.875,0.74375,361,361,0.9775,Allsun Biner
1,13,1957-09-03,Technical Writer,2,2,N,0,13,27429 Dottie Plaza,3145,2,Australia,11.0,0.95,0.95,1.1875,1.009375,361,361,0.9775,Kenneth Elleyne
0,62,1999-11-08,Computer Systems Analyst II,2,2,N,1,15,42 Donald Hill,2323,0,Australia,4.0,0.42,0.525,0.525,0.44625,361,361,0.9775,Clotilda Southers
0,84,1971-12-24,Business Systems Development Analyst,2,2,N,0,11,19561 Express Street,2777,0,Australia,8.0,1.0,1.0,1.25,1.0625,366,366,0.975,Daisi Tinwell
1,18,1959-06-13,Paralegal,2,1,N,1,9,41 Kropf Road,3175,2,Australia,7.0,0.47,0.5875,0.5875,0.5875,366,366,0.975,Gerik Woodroof
1,50,1994-10-21,Help Desk Technician,4,1,N,0,4,7872 South Junction,3197,2,Australia,4.0,1.06,1.06,1.06,1.06,370,370,0.97,Arty Fontelles
1,30,1963-08-20,Food Chemist,3,2,N,1,6,105 Carpenter Court,2220,0,Australia,9.0,0.56,0.7,0.875,0.74375,372,372,0.966875,Whit Emloch
1,4,1974-07-05,Librarian,1,2,N,0,9,58231 Tomscot Plaza,2209,0,Australia,10.0,1.08,1.08,1.35,1.1475,372,372,0.966875,Rowan Summerly
1,54,1975-08-04,Web Designer I,2,0,N,0,11,3 Loeprich Point,3204,2,Australia,11.0,0.44,0.44,0.55,0.55,372,372,0.966875,Ian Rabat
0,81,1986-12-03,Human Resources Assistant I,2,1,N,0,2,66 Ruskin Parkway,3579,2,Australia,1.0,0.73,0.73,0.9125,0.9125,378,378,0.95625,Harriet Brattan
0,34,1974-06-24,Nuclear Power Engineer,5,0,N,0,14,9736 Mitchell Pass,3199,2,Australia,6.0,1.09,1.09,1.09,1.09,378,378,0.95625,Sada Branton
0,40,1942-01-23,Data Coordiator,2,2,N,1,16,9 Springview Terrace,4068,1,Australia,5.0,0.98,1.225,1.225,1.04125,378,378,0.95625,Jenelle Mc-Kerley
0,7,1963-01-14,Junior Executive,5,2,N,0,12,1914 Oakridge Place,2456,0,Australia,6.0,1.0,1.0,1.0,0.85,378,378,0.95625,Gabrila Toopin
0,4,1996-01-24,VP Product Management,2,0,N,1,2,179 Anzinger Center,2230,0,Australia,12.0,0.83,1.0375,1.296875,1.296875,382,382,0.95,Almira Mangion
1,85,1964-01-31,Data Coordiator,3,2,N,1,8,62 Melrose Court,2211,0,Australia,10.0,1.06,1.325,1.65625,1.4078125,382,382,0.95,Arty Strudwick
0,65,1944-10-05,Product Engineer,1,0,N,0,17,84650 Novick Point,2261,0,Australia,7.0,0.55,0.55,0.55,0.55,382,382,0.95,Alexa Dillet
1,82,1995-05-18,Staff Scientist,2,0,N,1,9,5 Hoard Parkway,3754,2,Australia,6.0,0.65,0.8125,1.015625,1.015625,382,382,0.95,Palmer Heaven
1,46,1954-06-14,Help Desk Operator,5,1,N,1,9,376 Talmadge Street,4124,1,Australia,7.0,1.09,1.3625,1.3625,1.3625,386,386,0.945625,Porter Buckenhill
1,51,1993-03-02,Structural Engineer,8,0,N,0,5,89 Riverside Court,4740,1,Australia,3.0,0.8,0.8,0.8,0.8,386,386,0.945625,Giffie Offill
0,92,1939-08-28,Senior Editor,5,0,N,0,10,4669 Troy Place,2207,0,Australia,10.0,0.64,0.64,0.8,0.8,386,386,0.945625,Tamar Windmill
1,36,1982-12-10,Data Coordiator,7,2,N,1,6,02 Roth Drive,2022,0,Australia,11.0,0.6,0.75,0.9375,0.796875,386,386,0.945625,Kipp Stockport
1,10,1950-04-26,Quality Engineer,2,2,N,0,19,7 Northridge Court,3192,2,Australia,9.0,0.73,0.73,0.9125,0.775625,386,386,0.945625,Packston Wackett
0,73,1961-12-22,Assistant Media Planner,1,2,N,1,9,97 Transport Plaza,2097,0,Australia,12.0,1.06,1.325,1.65625,1.4078125,396,396,0.9375,Demetria Bausor
0,66,2002-01-17,VP Sales,3,2,N,1,4,67183 Anniversary Parkway,4211,1,Australia,3.0,1.03,1.2875,1.2875,1.094375,396,396,0.9375,Lura Fawdrie
1,54,1942-08-09,Environmental Specialist,3,2,N,1,21,61926 Tomscot Hill,2019,0,Australia,8.0,0.46,0.575,0.575,0.48875,396,396,0.9375,Estevan Eastment
1,72,1979-03-24,Financial Advisor,2,0,N,0,18,07 Susan Lane,2232,0,Australia,10.0,0.56,0.56,0.7,0.7,396,396,0.9375,Aloysius Glowacz
1,53,1976-11-04,Software Consultant,4,2,N,0,12,43094 Kedzie Pass,2487,0,Australia,5.0,0.73,0.73,0.73,0.6205,401,401,0.935,Bastien Ibbeson
0,91,1967-01-20,Senior Financial Analyst,2,2,N,1,13,678 Lyons Trail,3130,2,Australia,10.0,0.82,1.025,1.28125,1.0890625,401,401,0.935,Otha Langworthy
1,80,1978-01-21,Cost Accountant,2,0,N,1,17,5642 Debs Terrace,2223,0,Australia,11.0,0.84,1.05,1.3125,1.3125,401,401,0.935,Dwayne Doel
0,67,1977-09-10,Help Desk Operator,5,1,N,1,16,73 Riverside Trail,3777,2,Australia,7.0,0.69,0.8625,0.8625,0.8625,405,405,0.93,Leese Huckleby
1,21,1938-11-29,Graphic Designer,3,2,N,0,19,082 Welch Lane,2089,0,Australia,11.0,0.96,0.96,1.2,1.02,405,405,0.93,Kippar Brimilcome
0,24,1996-02-29,Programmer III,3,1,N,0,12,72 Mccormick Circle,3023,2,Australia,7.0,0.57,0.57,0.57,0.57,408,408,0.9296875,Corinna Beretta
0,75,1983-03-08,Social Worker,3,1,N,0,10,15669 Arizona Trail,3194,2,Australia,10.0,0.63,0.63,0.7875,0.7875,409,409,0.925,Laurie Odlin
1,84,1995-12-09,Nuclear Power Engineer,5,2,N,0,14,2637 Monument Trail,3106,2,Australia,11.0,0.71,0.71,0.8875,0.754375,409,409,0.925,Tanner Terlinden
1,65,1954-07-18,Civil Engineer,5,2,N,0,17,37919 Old Gate Park,2163,0,Australia,8.0,0.94,0.94,0.94,0.799,409,409,0.925,Hilliard Dullard
0,48,1958-08-28,Health Coach IV,3,1,N,0,11,00 Judy Terrace,2035,0,Australia,12.0,0.54,0.54,0.675,0.675,414,414,0.924375,Justinn Haruard
1,57,1963-10-15,Data Coordiator,0,2,N,1,15,7 Clemons Circle,4350,1,Australia,2.0,0.91,1.1375,1.1375,0.966875,415,415,0.921875,Art Shardlow
1,57,1953-05-17,Assistant Media Planner,1,0,N,0,17,6455 Mayfield Street,3350,2,Australia,3.0,1.1,1.1,1.1,1.1,415,415,0.921875,Dennis Varnham
0,46,1989-01-14,Product Engineer,2,2,N,0,7,7873 Meadow Vale Plaza,2460,0,Australia,3.0,0.72,0.72,0.72,0.612,418,418,0.918,Freddi Litherborough
1,76,1998-01-12,Engineer IV,2,0,N,1,1,45 Banding Hill,2009,0,Australia,10.0,0.99,1.2375,1.546875,1.546875,419,419,0.91640625,Salomon Perkins
1,97,1970-01-21,Operator,0,2,N,1,10,9082 Waywood Avenue,2250,0,Australia,8.0,0.85,1.0625,1.328125,1.12890625,420,420,0.91375,Etan Prinett
1,3,1991-12-01,Systems Administrator III,6,2,N,0,12,30049 Brown Road,2233,0,Australia,9.0,0.71,0.71,0.8875,0.754375,420,420,0.91375,Donaugh Benedict
1,87,1993-10-18,Sales Representative,7,0,N,0,15,7 Huxley Trail,3818,2,Australia,5.0,0.92,0.92,1.15,1.15,420,420,0.91375,Harwell Kleinstein
1,70,1945-11-08,Software Engineer III,5,2,N,1,19,3 Service Center,2127,0,Australia,9.0,0.41,0.5125,0.640625,0.54453125,420,420,0.91375,Cheston Hritzko
0,13,1947-07-19,Senior Financial Analyst,2,2,N,1,20,0627 Golf Center,4152,1,Australia,9.0,0.96,1.2,1.5,1.275,420,420,0.91375,Suzy Trounson
0,52,1969-02-09,Chemical Engineer,5,1,N,0,13,43 Stoughton Drive,2154,0,Australia,9.0,0.59,0.59,0.7375,0.7375,427,427,0.9125,Guenna Filisov
0,6,1977-09-26,Database Administrator II,6,0,N,1,20,247 Blue Bill Park Parkway,2066,0,Australia,9.0,0.91,1.1375,1.421875,1.421875,429,429,0.91,Opal Cleare
1,23,1974-12-12,Research Assistant IV,0,2,N,1,4,3867 Barby Hill,2140,0,Australia,8.0,0.71,0.8875,0.8875,0.754375,430,430,0.9095,Kipper Circuit
0,58,1975-12-22,Account Executive,4,2,N,1,17,52 Bobwhite Court,2219,0,Australia,9.0,1.07,1.3375,1.671875,1.42109375,430,430,0.9095,Marilin Frome
1,72,1957-11-12,Nurse Practicioner,3,2,N,0,16,32249 Sycamore Way,4650,1,Australia,4.0,0.4,0.4,0.4,0.34,433,433,0.90625,Arel Abramovitz
1,61,1978-10-26,Director of Sales,6,0,N,0,12,3 Roth Junction,3156,2,Australia,8.0,0.72,0.72,0.72,0.72,433,433,0.90625,Kit Easdon
1,15,1973-11-14,Community Outreach Specialist,1,1,N,1,22,76 Green Ridge Drive,3029,2,Australia,7.0,0.81,1.0125,1.0125,1.0125,436,436,0.903125,Skipp Swales
1,37,1997-08-27,Nuclear Power Engineer,5,1,N,1,10,9 Glacier Hill Circle,2762,0,Australia,8.0,0.44,0.55,0.55,0.55,436,436,0.903125,Frederich Glantz
1,28,1974-08-07,Geologist III,6,0,N,1,7,91281 Transport Center,3356,2,Australia,2.0,0.54,0.675,0.675,0.675,436,436,0.903125,Rodolph Denniss
1,47,1952-10-05,Actuary,2,2,N,0,7,11 Paget Road,2125,0,Australia,10.0,0.66,0.66,0.825,0.70125,436,436,0.903125,Craggie Dering
0,59,1941-04-04,Librarian,1,1,N,1,14,6 Killdeer Way,2705,0,Australia,1.0,0.97,1.2125,1.2125,1.2125,441,441,0.901,Giralda MacPeake
1,16,1997-03-17,Software Consultant,2,0,N,0,15,737 Service Lane,3030,2,Australia,8.0,1.09,1.09,1.09,1.09,441,441,0.901,Rodney Trethewey
0,59,1964-01-22,Senior Developer,4,2,N,0,6,481 Moulton Place,2440,0,Australia,2.0,0.82,0.82,0.82,0.697,444,444,0.9,Gleda Howerd
0,76,1972-05-17,Research Associate,2,2,N,1,10,3864 Sheridan Alley,4130,1,Australia,7.0,0.7,0.875,0.875,0.74375,444,444,0.9,Melany Ladewig
1,67,1993-11-27,VP Sales,2,0,N,0,8,61416 Karstens Place,4217,1,Australia,5.0,0.63,0.63,0.63,0.63,444,444,0.9,Claudell Rounsefell
1,54,1958-04-19,Programmer I,6,1,N,1,5,0 Union Parkway,3142,2,Australia,11.0,0.72,0.9,1.125,1.125,444,444,0.9,Garwin Nurden
0,83,1966-04-30,Quality Engineer,5,1,N,1,8,4 Lukken Lane,4301,1,Australia,4.0,0.74,0.925,1.15625,1.15625,444,444,0.9,Bunny Leebetter
1,61,1977-02-03,Legal Assistant,7,0,N,0,11,1507 Schlimgen Trail,2155,0,Australia,10.0,0.76,0.76,0.95,0.95,444,444,0.9,Matias Melloi
0,84,1996-11-24,Programmer Analyst III,2,2,N,0,9,31 Melody Circle,3814,2,Australia,4.0,0.64,0.64,0.8,0.68,450,450,0.9,Anet Roseman
0,0,1991-12-02,Help Desk Operator,7,1,N,1,14,96 Rutledge Drive,3064,2,Australia,5.0,0.94,1.175,1.175,1.175,450,450,0.9,Katie Warhurst
0,12,1943-04-06,Chemical Engineer,5,1,N,0,21,2905 Towne Place,2114,0,Australia,9.0,0.6,0.6,0.75,0.75,450,450,0.9,Celia Bryden
1,42,1982-02-01,Automation Specialist IV,2,1,N,0,14,638 Caliangt Avenue,2137,0,Australia,11.0,0.66,0.66,0.825,0.825,450,450,0.9,Stearne Trolley
1,70,1985-01-29,VP Accounting,2,2,N,0,17,9645 Moose Terrace,2137,0,Australia,11.0,0.62,0.62,0.775,0.65875,455,455,0.8925,Tristam Larose
0,17,1976-09-07,Information Systems Manager,5,1,N,0,17,005 Loeprich Way,4680,1,Australia,3.0,0.78,0.78,0.78,0.78,455,455,0.8925,Heloise Fairpool
0,60,1947-03-11,Software Engineer III,2,2,N,0,16,56 Comanche Terrace,3141,2,Australia,10.0,0.89,0.89,1.1125,0.945625,455,455,0.8925,Marcellina Baynton
0,24,1947-11-26,Chief Design Engineer,7,2,N,0,8,0796 Barnett Plaza,3758,2,Australia,4.0,0.98,0.98,0.98,0.833,455,455,0.8925,Lucky Klainman
1,56,1965-02-03,Software Test Engineer IV,6,2,N,1,5,415 Rockefeller Trail,2484,0,Australia,7.0,0.47,0.5875,0.5875,0.499375,464,464,0.890625,Erasmus Olenchenko
0,25,1977-03-20,Quality Engineer,7,2,N,0,16,846 Loftsgordon Crossing,2154,0,Australia,11.0,0.56,0.56,0.7,0.595,464,464,0.890625,Carita Sand
0,22,1993-08-03,Social Worker,3,1,N,1,2,9 Ridgeview Avenue,3109,2,Australia,10.0,0.69,0.8625,1.078125,1.078125,466,466,0.89,Lynnett Tipper
1,42,1972-05-19,Business Systems Development Analyst,2,2,N,0,19,6218 Delladonna Parkway,4115,1,Australia,8.0,0.7,0.7,0.7,0.595,466,466,0.89,Thorn Stigers
0,75,2000-12-09,Assistant Manager,0,2,N,0,10,057 Victoria Crossing,2263,0,Australia,9.0,0.58,0.58,0.725,0.61625,468,468,0.88984375,Norah Mapis
0,50,2001-08-04,Graphic Designer,4,2,N,0,14,0 Memorial Road,3109,2,Australia,10.0,0.47,0.47,0.5875,0.499375,468,468,0.88984375,Moina Rosenbaum
0,50,1990-10-19,Nurse Practicioner,7,2,N,1,4,409 Starling Lane,4172,1,Australia,7.0,0.51,0.6375,0.6375,0.541875,471,471,0.8875,Ceciley Harg
1,95,1967-03-14,VP Marketing,8,2,N,1,18,36963 Pierstorff Terrace,3168,2,Australia,9.0,0.98,1.225,1.53125,1.3015625,471,471,0.8875,Torry de la Valette Parisot
1,9,1999-11-29,Accountant II,5,0,N,0,7,8069 Sunbrook Way,2155,0,Australia,10.0,0.66,0.66,0.825,0.825,473,473,0.884,Sigismund Sedger
1,99,1956-04-21,Geologist III,4,0,N,1,20,9 Hovde Way,2322,0,Australia,5.0,0.72,0.9,1.125,1.125,473,473,0.884,Irvine Headon
1,7,2001-12-29,Food Chemist,3,0,N,1,9,0492 Kings Street,2480,0,Australia,3.0,1.1,1.375,1.375,1.375,475,475,0.881875,Tomkin Bernlin
0,25,1972-07-29,Administrative Assistant II,1,2,N,0,16,1 Fair Oaks Alley,3149,2,Australia,10.0,0.54,0.54,0.675,0.57375,475,475,0.881875,Genni Fanstone
0,73,1951-04-30,Dental Hygienist,3,1,N,0,15,1037 Roth Park,2145,0,Australia,7.0,0.54,0.54,0.54,0.54,478,478,0.88,Carola Philler
1,25,1979-07-28,Media Manager IV,3,2,N,1,10,315 Center Park,3040,2,Australia,7.0,0.52,0.65,0.65,0.5525,478,478,0.88,Fitzgerald Hellikes
1,97,1959-03-01,Compensation Analyst,2,2,N,1,8,1 Graceland Plaza,3216,2,Australia,2.0,0.8,1.0,1.25,1.0625,478,478,0.88,Ingmar Okenden
0,13,1939-03-06,Account Representative IV,7,0,N,0,13,98555 Victoria Hill,2171,0,Australia,7.0,0.84,0.84,0.84,0.84,483,483,0.8765625,Tina Dunstan
1,46,1944-10-25,VP Sales,2,1,N,1,13,2763 Buhler Circle,4305,1,Australia,4.0,0.75,0.9375,0.9375,0.9375,486,486,0.875,Adolpho Bellerby
0,69,1966-06-27,Senior Sales Associate,2,1,N,0,8,309 Maple Wood Pass,3930,2,Australia,6.0,0.91,0.91,0.91,0.91,486,486,0.875,Kelsey Hatt
0,72,1975-10-12,Web Designer IV,5,2,N,1,10,9 Rieder Junction,2573,0,Australia,9.0,1.06,1.325,1.65625,1.4078125,486,486,0.875,Alexina Mabley
0,56,1965-05-28,Media Manager III,7,2,N,0,11,734 Veith Way,3155,2,Australia,8.0,0.93,0.93,0.93,0.7905,492,492,0.87125,Dawn Pyffe
0,55,1996-02-11,Administrative Officer,5,2,N,0,2,0800 Dahle Alley,2148,0,Australia,8.0,0.65,0.65,0.65,0.5525,492,492,0.87125,Claudette Renackowna
1,86,1997-11-01,Geologist IV,2,0,N,1,10,427 Oak Avenue,2205,0,Australia,10.0,0.92,1.15,1.4375,1.4375,495,495,0.86328125,Anthony Lindstrom
0,59,1952-05-05,Analyst Programmer,6,1,N,0,13,390 Express Plaza,2076,0,Australia,11.0,1.03,1.03,1.2875,1.2875,495,495,0.86328125,Liane Poizer
0,5,1954-10-21,Compensation Analyst,2,2,N,1,11,79 Manufacturers Plaza,4171,1,Australia,5.0,0.56,0.7,0.7,0.595,500,500,0.86,Renell Earley
1,82,1967-02-02,Structural Analysis Engineer,0,2,N,0,16,600 Artisan Drive,3149,2,Australia,10.0,0.91,0.91,1.1375,0.966875,500,500,0.86,Cliff Philipsson
1,68,1960-12-19,Payment Adjustment Coordinator,7,1,N,1,20,535 Corben Point,4680,1,Australia,4.0,0.5,0.625,0.625,0.625,504,504,0.85,George Jose
0,6,1976-11-24,VP Product Management,5,2,N,1,13,540 Farragut Avenue,2066,0,Australia,9.0,0.64,0.8,1.0,0.85,507,507,0.85,Katleen Arnoult
1,4,1973-10-13,Financial Analyst,2,2,N,0,11,612 Annamark Center,2176,0,Australia,8.0,0.72,0.72,0.72,0.612,507,507,0.85,Inglebert Aspinal
1,57,1999-05-14,Marketing Manager,7,1,N,0,12,18 Sage Plaza,3152,2,Australia,9.0,0.5,0.5,0.625,0.625,507,507,0.85,Jammal Devenny
0,81,1976-03-10,Data Coordiator,5,1,N,0,9,4 Randy Street,3070,2,Australia,8.0,0.41,0.41,0.5125,0.5125,513,513,0.8415,Adriane Richardson
0,72,1988-09-30,Senior Cost Accountant,2,2,N,1,10,1 South Street,4183,1,Australia,9.0,0.59,0.7375,0.921875,0.78359375,515,515,0.839375,Emelia Ackwood
0,87,1954-10-06,Environmental Tech,7,2,N,1,9,7 Maple Wood Plaza,4125,1,Australia,6.0,0.63,0.7875,0.984375,0.83671875,520,520,0.8375,Sofie Worsfold
0,33,1951-10-14,Senior Quality Engineer,5,1,N,0,12,12 Eastlawn Terrace,2007,0,Australia,9.0,0.72,0.72,0.9,0.9,520,520,0.8375,Elmira Vasilyev
1,60,1991-01-23,Chief Design Engineer,1,1,N,0,2,846 Daystar Lane,2000,0,Australia,12.0,0.83,0.83,1.0375,1.0375,520,520,0.8375,Worthington Cohane
1,44,1950-09-30,Senior Sales Associate,0,0,N,1,11,36 Golf Course Circle,2444,0,Australia,6.0,0.54,0.675,0.675,0.675,524,524,0.83671875,Bailey Bereford
1,79,1980-05-29,Structural Engineer,5,1,N,1,8,0 Nelson Crossing,3155,2,Australia,7.0,0.71,0.8875,0.8875,0.8875,524,524,0.83671875,Perry Whitehurst
1,11,1954-03-10,Environmental Tech,8,1,N,1,13,93264 Almo Plaza,3078,2,Australia,10.0,0.87,1.0875,1.359375,1.359375,526,526,0.833,Antony Tuma
1,97,1953-05-24,Research Assistant IV,2,0,N,0,13,355 Roxbury Lane,3190,2,Australia,8.0,1.08,1.08,1.35,1.35,526,526,0.833,Nico Chadwick
0,56,1973-07-03,Office Assistant IV,4,1,N,0,19,08470 Kingsford Lane,2120,0,Australia,11.0,0.97,0.97,1.2125,1.2125,530,530,0.82875,Ivy Farr
1,61,1986-01-10,Physical Therapy Assistant,7,2,N,0,8,799 Luster Road,3051,2,Australia,8.0,1.05,1.05,1.05,0.8925,530,530,0.82875,Hilario McCulloch
1,55,1955-04-08,Associate Professor,2,2,N,0,9,53 Dryden Trail,2358,0,Australia,3.0,0.55,0.55,0.55,0.4675,530,530,0.82875,Jim Haddrell
1,62,1952-12-04,Computer Systems Analyst I,2,1,N,1,22,5512 Ronald Regan Hill,3122,2,Australia,8.0,0.42,0.525,0.525,0.525,530,530,0.82875,Jacobo Mucklow
0,10,1956-05-29,Editor,2,2,N,1,17,72 Melrose Street,4074,1,Australia,7.0,0.87,1.0875,1.0875,0.924375,536,536,0.825,Gretel Paschke
1,16,1978-12-10,Software Consultant,0,2,N,1,15,3460 Dapin Street,2262,0,Australia,6.0,0.63,0.7875,0.7875,0.669375,536,536,0.825,Jethro Mertel
1,62,1994-11-16,Marketing Assistant,3,0,N,0,15,5 Hovde Lane,3028,2,Australia,8.0,0.4,0.4,0.4,0.4,536,536,0.825,Dwain Hatch
0,41,1978-12-14,Database Administrator III,5,1,N,0,15,4 Gale Center,3185,2,Australia,7.0,0.42,0.42,0.42,0.42,536,536,0.825,Lucretia D'Agostini
0,37,1997-11-29,Accounting Assistant III,5,2,N,0,7,5263 Stone Corner Crossing,2217,0,Australia,12.0,0.64,0.64,0.8,0.68,536,536,0.825,Claude Bowstead
1,80,1965-04-22,Civil Engineer,5,1,N,0,5,0439 Mandrake Park,2046,0,Australia,10.0,0.88,0.88,1.1,1.1,536,536,0.825,Donn MacGregor
0,78,1976-09-25,VP Product Management,5,0,N,0,13,069 Hoard Pass,4352,1,Australia,5.0,0.59,0.59,0.59,0.59,536,536,0.825,Laurel Devennie
0,10,1975-04-08,Accounting Assistant I,2,0,N,0,16,89 Green Ridge Point,2168,0,Australia,9.0,0.78,0.78,0.975,0.975,536,536,0.825,Elvira Darthe
1,68,1950-11-30,VP Sales,5,2,N,0,8,8 Cardinal Junction,2444,0,Australia,7.0,0.89,0.89,0.89,0.7565,544,544,0.8245,Angie Tansley
1,60,1998-02-19,Chemical Engineer,5,1,N,1,2,240 Main Hill,3200,2,Australia,6.0,0.92,1.15,1.15,1.15,544,544,0.8245,Terrence Dalligan
0,0,1977-06-30,Food Chemist,3,2,N,0,13,67081 Burrows Center,2111,0,Australia,12.0,0.46,0.46,0.575,0.48875,546,546,0.8234375,Katy Crooke
0,99,1972-04-27,Accountant III,2,2,N,0,5,0 Kipling Way,2289,0,Australia,7.0,1.05,1.05,1.3125,1.115625,546,546,0.8234375,Sammy Borsi
0,37,1973-01-06,Senior Editor,1,1,N,1,9,1 Raven Way,2151,0,Australia,10.0,1.0,1.25,1.5625,1.5625,546,546,0.8234375,Morganica Ainsbury
1,69,1984-07-06,Programmer III,7,0,N,0,13,261 Holy Cross Park,2750,0,Australia,9.0,0.51,0.51,0.6375,0.6375,549,549,0.82,Nils Champion
0,42,1991-04-21,Marketing Manager,2,1,N,1,12,891 Ohio Terrace,2075,0,Australia,12.0,0.49,0.6125,0.765625,0.765625,549,549,0.82,Beverlee Querree
0,34,1979-01-03,Professor,5,1,N,1,11,1408 Hovde Circle,3081,2,Australia,9.0,0.81,1.0125,1.265625,1.265625,551,551,0.818125,Cami Eitter
0,83,1976-01-16,Financial Analyst,2,1,N,1,5,50897 Northfield Road,4280,1,Australia,6.0,0.79,0.9875,1.234375,1.234375,552,552,0.816,Reiko Degenhardt
1,12,1999-04-21,Internal Auditor,5,2,N,1,13,596 Boyd Park,4301,1,Australia,3.0,0.49,0.6125,0.6125,0.520625,552,552,0.816,Cord Dunsmore
0,55,1958-05-14,Developer I,2,0,N,0,17,8 Fordem Place,2322,0,Australia,6.0,0.95,0.95,0.95,0.95,552,552,0.816,Gabey Kennicott
0,79,1995-10-01,Analyst Programmer,2,1,N,1,13,656 Kennedy Crossing,2261,0,Australia,8.0,0.82,1.025,1.025,1.025,555,555,0.8125,Jacqui Devey
1,23,1993-11-02,Help Desk Technician,5,1,N,0,12,2 Jackson Place,2528,0,Australia,7.0,0.61,0.61,0.61,0.61,555,555,0.8125,Byrom Ramas
1,79,1972-03-24,Senior Cost Accountant,2,1,N,0,13,39408 Manufacturers Road,3335,2,Australia,3.0,0.93,0.93,0.93,0.93,555,555,0.8125,Worthington Ahmed
1,46,1994-02-04,Speech Pathologist,5,1,N,0,13,168 Schlimgen Center,2526,0,Australia,9.0,0.85,0.85,1.0625,1.0625,555,555,0.8125,Chico Dye
1,70,1947-04-21,Geological Engineer,5,1,N,0,8,8 Kim Avenue,2158,0,Australia,12.0,1.08,1.08,1.35,1.35,555,555,0.8125,Davidde Cockroft
1,60,1950-03-31,Account Coordinator,5,1,N,0,13,920 Cambridge Way,2263,0,Australia,6.0,0.99,0.99,0.99,0.99,555,555,0.8125,Charlie Dmych
1,4,1994-06-16,Executive Secretary,2,2,N,1,13,65 Milwaukee Lane,4520,1,Australia,10.0,0.88,1.1,1.375,1.16875,563,563,0.8075,Barth Sapshed
1,67,1967-04-07,Software Consultant,3,0,N,0,13,76 Mendota Park,2090,0,Australia,10.0,0.84,0.84,1.05,1.05,563,563,0.8075,Padriac Collacombe
0,87,1955-07-06,Account Representative IV,7,0,N,1,20,26667 Rigney Place,2567,0,Australia,9.0,1.08,1.35,1.6875,1.6875,563,563,0.8075,Olive Mozzi
1,73,1955-11-25,Actuary,2,1,N,1,15,898 Muir Court,2142,0,Australia,6.0,0.83,1.0375,1.0375,1.0375,563,563,0.8075,Benedict Rosas
0,17,1964-03-14,Executive Secretary,8,1,N,1,12,88093 Pierstorff Plaza,2030,0,Australia,10.0,0.95,1.1875,1.484375,1.484375,563,563,0.8075,Virginia De Antoni
1,81,1991-11-24,Assistant Media Planner,1,2,N,0,14,16 Mosinee Place,4717,1,Australia,1.0,0.4,0.4,0.5,0.425,568,568,0.8,Oswald MacCarlich
0,66,2001-09-27,Electrical Engineer,5,2,N,1,2,197 Northport Plaza,4213,1,Australia,7.0,0.99,1.2375,1.2375,1.051875,568,568,0.8,Ailyn Howgate
0,53,1968-07-29,Research Assistant III,2,2,N,1,18,10236 Mifflin Avenue,2570,0,Australia,8.0,0.72,0.9,0.9,0.765,568,568,0.8,Karol Salthouse
1,81,1950-12-09,Assistant Media Planner,1,2,N,1,21,5287 Clarendon Plaza,2258,0,Australia,9.0,0.76,0.95,1.1875,1.009375,568,568,0.8,Esdras Birchett
1,1,1942-08-23,Accounting Assistant I,2,2,N,0,16,38407 Sutteridge Circle,2766,0,Australia,8.0,0.5,0.5,0.5,0.425,568,568,0.8,Wilfrid Gertray
0,49,1965-02-25,Programmer Analyst I,6,1,N,1,18,423 Holy Cross Lane,3029,2,Australia,7.0,0.72,0.9,0.9,0.9,574,574,0.799,Charmain Styles
1,90,1943-10-27,Sales Associate,2,0,N,0,7,1478 Oak Valley Park,3350,2,Australia,2.0,0.86,0.86,1.075,1.075,575,575,0.796875,Bobby Summersby
1,33,1976-08-12,Senior Sales Associate,2,1,N,1,9,8970 Anhalt Junction,2160,0,Australia,9.0,0.53,0.6625,0.828125,0.828125,575,575,0.796875,Shepherd Dutchburn
0,64,1994-10-15,Sales Representative,7,2,N,0,11,563 Waywood Park,2145,0,Australia,9.0,0.92,0.92,1.15,0.9775,575,575,0.796875,Berenice Kaesmakers
0,47,1973-01-04,Structural Engineer,8,2,N,0,11,2978 Mccormick Center,2028,0,Australia,10.0,0.64,0.64,0.8,0.68,575,575,0.796875,Cordi Thornton
0,3,1990-07-06,Account Coordinator,5,1,N,1,13,527 Jay Trail,4551,1,Australia,8.0,0.89,1.1125,1.1125,1.1125,582,582,0.79,Debbie Tillman
1,9,1995-12-17,Registered Nurse,3,2,N,1,11,9940 Manley Drive,2574,0,Australia,7.0,1.0,1.25,1.25,1.0625,583,583,0.7875,Flin Yoskowitz
0,26,1951-10-28,Environmental Specialist,3,2,N,0,10,0736 West Crossing,3585,2,Australia,1.0,0.46,0.46,0.46,0.391,583,583,0.7875,Noel Sturch
0,27,1938-08-30,Web Developer II,5,0,N,0,15,95796 Mcbride Drive,3677,2,Australia,3.0,0.67,0.67,0.67,0.67,583,583,0.7875,Letizia Poore
1,95,1994-04-17,Cost Accountant,2,0,N,1,1,17393 Colorado Hill,4006,1,Australia,8.0,0.67,0.8375,1.046875,1.046875,587,587,0.78625,Kiley Grunder
1,83,1974-12-25,Programmer Analyst IV,3,1,N,0,18,65 Rutledge Parkway,2539,0,Australia,8.0,0.71,0.71,0.8875,0.8875,587,587,0.78625,Ethelred Sissel
0,39,1987-04-20,Account Executive,5,1,N,1,17,02023 Loeprich Drive,3037,2,Australia,7.0,0.79,0.9875,0.9875,0.9875,590,590,0.78359375,Dena Pabst
1,1,1979-10-22,Engineer IV,5,2,N,0,10,9107 Pine View Plaza,3977,2,Australia,6.0,1.08,1.08,1.08,0.918,591,591,0.782,Wyndham Woolford
0,44,1996-05-10,Tax Accountant,7,0,N,1,13,822 Di Loreto Junction,3020,2,Australia,8.0,0.47,0.5875,0.5875,0.5875,591,591,0.782,Rochette Haddacks
1,83,1965-02-09,Mechanical Systems Engineer,2,2,N,0,7,2712 Namekagon Crossing,3029,2,Australia,5.0,0.42,0.42,0.525,0.44625,591,591,0.782,Jamal Dudgeon
1,13,1955-10-22,Accountant I,6,2,N,0,20,32 Hazelcrest Court,2753,0,Australia,8.0,0.49,0.49,0.49,0.4165,594,594,0.78125,Levin Coxen
0,21,1973-03-15,Sales Associate,2,0,N,1,8,9 Forster Circle,3174,2,Australia,3.0,0.79,0.9875,0.9875,0.9875,595,595,0.775625,Marinna Kauschke
1,29,1994-11-07,Assistant Media Planner,1,1,N,0,1,6 Havey Pass,2126,0,Australia,11.0,0.46,0.46,0.575,0.575,595,595,0.775625,Gilbert O'Fallone
1,63,1996-01-21,Compensation Analyst,2,0,N,1,15,42590 Bellgrove Court,2097,0,Australia,9.0,0.54,0.675,0.84375,0.84375,599,599,0.775,Chaim Kingdon
1,68,1997-06-29,Data Coordiator,3,0,N,1,11,6060 Veith Crossing,2103,0,Australia,11.0,0.5,0.625,0.78125,0.78125,602,602,0.7735,Anson Dearnaly
0,45,1973-01-29,Director of Sales,5,2,N,1,10,25 Lakeland Point,4113,1,Australia,7.0,0.6,0.75,0.75,0.6375,603,603,0.7703125,Caitrin Critten
0,27,1966-09-19,Operator,4,0,N,1,12,608 Dapin Court,3129,2,Australia,10.0,0.77,0.9625,1.203125,1.203125,604,604,0.765,Rozamond Sommer
1,96,1955-07-13,Automation Specialist III,5,2,N,1,20,8634 Wayridge Pass,2750,0,Australia,8.0,0.55,0.6875,0.859375,0.73046875,606,606,0.765,Maximilian Geffen
0,80,1979-09-30,Computer Systems Analyst I,5,2,N,1,12,5 Homewood Road,2800,0,Australia,6.0,0.58,0.725,0.725,0.61625,606,606,0.765,Ajay Worham
1,70,1970-05-19,VP Product Management,3,2,N,1,5,7 Dunning Avenue,2477,0,Australia,8.0,0.78,0.975,0.975,0.82875,609,609,0.7625,Jamison Cashin
0,94,1998-08-24,Professor,5,2,N,1,9,67 Beilfuss Plaza,2168,0,Australia,8.0,0.72,0.9,1.125,0.95625,609,609,0.7625,Dorian Emery
1,65,1976-12-07,VP Marketing,6,1,N,0,16,976 Roxbury Alley,4157,1,Australia,7.0,0.76,0.76,0.76,0.76,609,609,0.7625,Nicol Swinford
1,29,1950-05-08,Environmental Tech,3,0,N,1,17,6115 Forest Crossing,2148,0,Australia,8.0,0.72,0.9,0.9,0.9,612,612,0.75703125,Nev Prosh
1,37,1951-03-19,Media Manager II,7,2,N,1,14,432 Ronald Regan Court,3782,2,Australia,8.0,0.83,1.0375,1.0375,0.881875,612,612,0.75703125,Lucius Hatchell
0,63,1957-06-10,Software Engineer II,4,2,N,0,8,8600 Forster Lane,2177,0,Australia,9.0,0.84,0.84,1.05,0.8925,615,615,0.7565,Francisca Pottage
1,62,1963-07-31,Administrative Assistant I,3,2,N,1,6,6692 Independence Way,2070,0,Australia,12.0,0.93,1.1625,1.453125,1.23515625,615,615,0.7565,Farlie Brookz
0,49,1973-10-03,Civil Engineer,5,2,N,0,8,602 Toban Center,4020,1,Australia,7.0,1.0,1.0,1.0,0.85,617,617,0.754375,Beverlee Ungerechts
1,88,1955-09-29,Product Engineer,2,2,N,1,6,97 Merrick Center,2460,0,Australia,2.0,0.78,0.975,1.21875,1.0359375,620,620,0.75,Lek Pimblett
1,31,1998-01-15,Engineer I,5,2,N,1,8,8194 Lien Street,4032,1,Australia,7.0,0.59,0.7375,0.7375,0.626875,620,620,0.75,Ewell Paulusch
1,11,1967-01-19,Health Coach III,3,2,N,0,19,9503 New Castle Street,4500,1,Australia,9.0,0.53,0.53,0.6625,0.563125,620,620,0.75,Madison Lars
0,97,1960-04-12,Chemical Engineer,5,0,N,1,5,0 Emmet Trail,4128,1,Australia,9.0,1.05,1.3125,1.640625,1.640625,625,625,0.748,Ardis Taree
1,51,1993-09-20,Geologist IV,5,0,N,1,6,7 Spaight Drive,2147,0,Australia,9.0,1.01,1.2625,1.578125,1.578125,626,626,0.74375,Wheeler Godsil
1,30,1961-04-20,Junior Executive,5,2,N,0,9,65 David Pass,4221,1,Australia,7.0,0.92,0.92,0.92,0.782,626,626,0.74375,Terrel Keynd
0,86,1962-09-21,Legal Assistant,3,2,N,1,17,14183 Iowa Center,4503,1,Australia,5.0,0.45,0.5625,0.703125,0.59765625,632,632,0.74,Lissa Gawn
0,3,1975-10-31,Payment Adjustment Coordinator,2,2,N,1,13,95 Del Mar Court,3175,2,Australia,8.0,0.48,0.6,0.6,0.51,632,632,0.74,Leisha McConway
1,88,1997-05-18,Marketing Assistant,7,2,N,0,12,98 Shoshone Road,4207,1,Australia,6.0,0.91,0.91,1.1375,0.966875,634,634,0.7395,Kearney Cuddehy
1,96,1954-01-06,Desktop Support Technician,2,2,N,1,16,7199 Springview Parkway,4503,1,Australia,5.0,0.63,0.7875,0.984375,0.83671875,634,634,0.7395,Shellysheldon Bichard
1,23,1950-03-18,Pharmacist,3,1,N,0,18,045 Magdeline Court,3690,2,Australia,1.0,0.43,0.43,0.43,0.43,634,634,0.7395,Reinhard Oscroft
1,97,1978-04-04,Assistant Professor,7,1,N,0,8,5 Hoard Trail,2197,0,Australia,10.0,0.87,0.87,1.0875,1.0875,637,637,0.7375,Menard Venmore
0,31,1954-10-19,Senior Editor,2,0,N,1,11,93 Scofield Pass,3152,2,Australia,6.0,0.65,0.8125,0.8125,0.8125,637,637,0.7375,Andree Breeds
0,18,1966-08-04,Statistician II,7,0,N,0,14,29 Maple Trail,3143,2,Australia,8.0,0.42,0.42,0.42,0.42,637,637,0.7375,Pierrette Gummie
1,42,1982-12-15,Help Desk Operator,6,2,N,0,13,28 Hazelcrest Drive,2525,0,Australia,8.0,0.81,0.81,0.81,0.6885,642,642,0.733125,Demott Mullaly
0,48,1996-05-28,Executive Secretary,5,0,N,0,14,01 Reindahl Circle,4132,1,Australia,3.0,1.0,1.0,1.0,1.0,643,643,0.731,Wendye Kleinplatz
1,82,1962-07-12,Payment Adjustment Coordinator,5,2,N,0,12,5880 Hauk Street,2046,0,Australia,11.0,1.08,1.08,1.35,1.1475,644,644,0.73046875,Irvin Bevans
0,38,1940-05-23,Software Engineer II,0,1,N,1,14,69 Sunfield Terrace,2558,0,Australia,8.0,0.4,0.5,0.5,0.5,646,646,0.73,Austine Speedy
1,93,1995-07-19,Database Administrator III,7,0,N,1,5,7513 Swallow Drive,2148,0,Australia,9.0,1.07,1.3375,1.671875,1.671875,646,646,0.73,Wolf Craft
1,24,1981-07-06,Financial Analyst,2,2,N,0,17,058 Morningstar Center,2127,0,Australia,9.0,0.41,0.41,0.5125,0.435625,648,648,0.725,Aldin Newsome
0,18,1942-10-21,Social Worker,3,2,N,1,15,0689 Melby Park,4030,1,Australia,9.0,0.85,1.0625,1.328125,1.12890625,648,648,0.725,Sindee Jasik
1,58,1958-06-25,Technical Writer,5,1,N,1,16,3 Spohn Circle,2477,0,Australia,5.0,1.0,1.25,1.25,1.25,648,648,0.725,Truman Arlett
0,98,1997-04-03,Mechanical Systems Engineer,7,2,N,1,1,54782 Lake View Parkway,3178,2,Australia,9.0,0.55,0.6875,0.859375,0.73046875,653,653,0.71875,Leticia Hovenden
0,86,1958-04-25,Geological Engineer,5,2,N,1,17,48971 Marquette Point,3976,2,Australia,5.0,0.69,0.8625,1.078125,0.91640625,653,653,0.71875,Caritta Compston
0,11,1951-11-28,Professor,5,1,N,1,15,99 Sherman Parkway,3083,2,Australia,12.0,1.08,1.35,1.6875,1.6875,655,655,0.7171875,Annabelle Hanwell
0,2,1944-04-28,Professor,2,2,N,1,19,381 Emmet Terrace,2047,0,Australia,12.0,1.0,1.25,1.5625,1.328125,655,655,0.7171875,Darryl Hovee
0,6,1985-03-25,Analyst Programmer,5,1,N,1,14,7 Beilfuss Road,3163,2,Australia,6.0,0.41,0.5125,0.5125,0.5125,657,657,0.714,Orly Nesbitt
0,25,1977-09-11,Financial Advisor,2,0,N,1,18,7 Elgar Hill,3060,2,Australia,5.0,0.96,1.2,1.2,1.2,658,658,0.7125,Nicol Bertot
1,12,1968-07-12,Community Outreach Specialist,2,2,N,0,16,36506 Bartillon Point,3816,2,Australia,3.0,0.73,0.73,0.73,0.6205,658,658,0.7125,Nobe Trowsdale
1,73,1991-12-21,Nurse Practicioner,2,1,N,0,6,8 Scott Drive,3150,2,Australia,11.0,0.75,0.75,0.9375,0.9375,658,658,0.7125,Stephen Tittershill
1,94,1959-07-28,Tax Accountant,5,0,N,1,20,653 2nd Park,2766,0,Australia,8.0,0.44,0.55,0.6875,0.6875,662,662,0.711875,Giselbert Pickring
0,59,1940-10-26,Developer III,3,1,N,0,17,504 Stuart Pass,2130,0,Australia,11.0,0.43,0.43,0.5375,0.5375,662,662,0.711875,Lisette Davers
0,41,1960-02-14,VP Product Management,8,2,N,0,12,5 Southridge Hill,3029,2,Australia,7.0,1.05,1.05,1.05,0.8925,666,666,0.71,Xenia Maleck
0,42,1941-02-26,Director of Sales,2,1,N,0,19,539 Graceland Pass,3444,2,Australia,7.0,0.76,0.76,0.76,0.76,668,668,0.7055,Essie Withur
0,50,1974-10-12,Structural Analysis Engineer,2,2,N,1,22,46057 Harbort Hill,4304,1,Australia,2.0,0.93,1.1625,1.1625,0.988125,668,668,0.7055,Lillis Eshmade
1,3,1959-08-01,Librarian,1,1,N,0,9,2 Shasta Place,3130,2,Australia,10.0,0.46,0.46,0.575,0.575,668,668,0.7055,Ted Izacenko
0,45,1956-12-04,Junior Executive,7,0,N,0,12,77608 Donald Center,4516,1,Australia,6.0,0.74,0.74,0.74,0.74,672,672,0.70390625,Nixie Shoesmith
0,5,1944-03-18,Health Coach III,3,1,N,0,11,0433 La Follette Road,2137,0,Australia,11.0,0.8,0.8,1.0,1.0,672,672,0.70390625,Briana Trill
0,23,1940-03-11,Operator,5,2,N,0,18,179 Carey Terrace,3020,2,Australia,9.0,1.1,1.1,1.375,1.16875,674,674,0.703125,Wrennie Dwelly
0,73,1962-08-05,Pharmacist,3,1,N,0,12,3 Ruskin Hill,2122,0,Australia,9.0,0.88,0.88,1.1,1.1,676,676,0.70125,Sibylla Kibble
0,8,1952-04-07,VP Sales,3,2,N,0,21,87 Crescent Oaks Alley,2756,0,Australia,10.0,1.01,1.01,1.2625,1.073125,676,676,0.70125,Kariotta Naper
1,99,1966-08-11,VP Quality Control,2,2,N,0,15,08822 Duke Road,2763,0,Australia,8.0,0.5,0.5,0.625,0.53125,676,676,0.70125,Wylie Huntingdon
0,36,1996-09-06,Structural Analysis Engineer,3,2,N,0,4,5 Schurz Street,2141,0,Australia,9.0,0.92,0.92,1.15,0.9775,676,676,0.70125,Lizbeth Garvan
1,93,1970-09-09,Sales Representative,7,2,N,1,7,344 Darwin Junction,2093,0,Australia,12.0,0.5,0.625,0.78125,0.6640625,676,676,0.70125,Averil Ackery
0,70,1996-06-18,VP Quality Control,6,0,N,1,9,320 Acker Drive,2251,0,Australia,7.0,0.74,0.925,0.925,0.925,676,676,0.70125,Myrtie Ostrich
1,17,1947-12-28,VP Sales,7,0,N,0,12,2874 Bay Hill,4032,1,Australia,9.0,0.41,0.41,0.5125,0.5125,682,682,0.7,Ross Vidgen
0,25,1981-05-05,Accountant IV,5,2,N,1,12,3 Sunbrook Alley,4178,1,Australia,7.0,0.75,0.9375,0.9375,0.796875,682,682,0.7,Sibby Skinner
0,98,1978-03-27,Social Worker,3,2,N,1,10,34 Jay Hill,2880,0,Australia,1.0,0.73,0.9125,1.140625,0.96953125,684,684,0.7,Selle Casper
1,58,1977-07-19,Office Assistant IV,7,1,N,0,7,78 Bluestem Road,3860,2,Australia,2.0,0.65,0.65,0.65,0.65,684,684,0.7,Andrew Froment
0,95,1980-04-09,Teacher,1,2,N,1,3,0 Express Lane,2142,0,Australia,6.0,0.93,1.1625,1.453125,1.23515625,684,684,0.7,Maurizia Ritmeyer
1,67,1994-12-23,Actuary,2,2,N,1,2,077 Hansons Point,4075,1,Australia,8.0,1.03,1.2875,1.2875,1.094375,684,684,0.7,Keenan Moriarty
1,22,1941-02-23,Accounting Assistant II,5,2,N,0,11,23737 Bartillon Street,2171,0,Australia,9.0,0.97,0.97,1.2125,1.030625,688,688,0.697,Davide Senten
0,92,1992-10-10,Occupational Therapist,3,1,N,0,16,2 Anniversary Trail,4508,1,Australia,4.0,0.85,0.85,1.0625,1.0625,688,688,0.697,Renie Fiveash
0,53,1992-06-24,Administrative Assistant II,2,0,N,1,5,738 Spaight Drive,3216,2,Australia,8.0,0.64,0.8,0.8,0.8,691,691,0.690625,Debby Balmadier
1,70,1973-08-30,Help Desk Technician,2,0,N,0,18,59846 2nd Pass,2077,0,Australia,9.0,1.04,1.04,1.3,1.3,691,691,0.690625,Harvey Dwelley
1,96,1954-06-15,VP Accounting,2,2,N,0,9,3745 Thierer Trail,4078,1,Australia,5.0,0.97,0.97,1.2125,1.030625,691,691,0.690625,Patrice Pariss
1,68,1977-10-07,VP Quality Control,6,1,N,1,17,11121 Jackson Crossing,2323,0,Australia,4.0,0.92,1.15,1.15,1.15,691,691,0.690625,Arman Yakubov
1,91,1991-06-01,VP Product Management,7,2,N,1,13,1 Elgar Alley,2166,0,Australia,9.0,0.95,1.1875,1.484375,1.26171875,691,691,0.690625,Gardiner Gypps
0,8,1974-07-03,VP Marketing,5,1,N,0,7,7 Caliangt Street,4209,1,Australia,3.0,0.56,0.56,0.56,0.56,700,700,0.6875,Jillane Simion
0,44,1981-01-29,Occupational Therapist,3,1,N,1,7,5331 Ilene Parkway,2560,0,Australia,8.0,0.68,0.85,0.85,0.85,700,700,0.6875,Lynnell Shoesmith
0,39,1974-12-25,Chief Design Engineer,8,1,N,0,13,1009 Roxbury Point,2110,0,Australia,11.0,0.73,0.73,0.9125,0.9125,700,700,0.6875,Mandie MacAdie
1,97,1965-09-04,Chemical Engineer,5,2,N,0,6,660 Carey Avenue,2759,0,Australia,8.0,0.94,0.94,1.175,0.99875,700,700,0.6875,Ferdinand Billie
0,37,1953-08-07,Dental Hygienist,3,0,N,1,19,2 Golden Leaf Parkway,3759,2,Australia,7.0,0.54,0.675,0.675,0.675,700,700,0.6875,Emeline Vezey
0,99,1951-07-22,Cost Accountant,2,1,N,0,16,18 Dottie Park,2230,0,Australia,11.0,0.98,0.98,1.225,1.225,700,700,0.6875,Cissiee Baylis
1,27,1975-11-18,Actuary,2,2,N,0,11,85 Badeau Pass,3158,2,Australia,8.0,0.84,0.84,0.84,0.714,700,700,0.6875,Roldan Raybould
1,18,1946-08-22,Clinical Specialist,3,2,N,1,8,784 Lotheville Court,2541,0,Australia,5.0,0.61,0.7625,0.7625,0.648125,708,708,0.68,Barth Weare
0,64,1999-11-18,GIS Technical Architect,2,2,N,0,2,57568 Northview Junction,2141,0,Australia,7.0,0.94,0.94,0.94,0.799,708,708,0.68,Alta Pithcock
1,57,1972-09-04,Dental Hygienist,3,0,N,1,14,283 Golf View Lane,2747,0,Australia,8.0,0.93,1.1625,1.1625,1.1625,708,708,0.68,Marc Keunemann
0,85,1983-12-10,VP Quality Control,2,2,N,1,9,7 Johnson Hill,3028,2,Australia,8.0,0.61,0.7625,0.953125,0.81015625,708,708,0.68,Bertine Smalles
1,14,1983-05-18,Paralegal,2,2,N,1,6,22580 Doe Crossing Drive,4055,1,Australia,9.0,0.45,0.5625,0.703125,0.59765625,708,708,0.68,Wilbert O'Loughnan
0,47,1975-07-09,Nurse,7,2,N,0,17,6634 Old Gate Parkway,4304,1,Australia,3.0,0.46,0.46,0.46,0.391,708,708,0.68,Miran Runchman
0,74,1950-10-12,Nurse,2,1,N,0,12,72 Lukken Crossing,2016,0,Australia,11.0,0.55,0.55,0.6875,0.6875,715,715,0.67734375,Dorotea Fenwick
0,82,1963-10-16,Project Manager,8,2,N,1,10,6 Meadow Ridge Pass,2470,0,Australia,2.0,0.69,0.8625,1.078125,0.91640625,715,715,0.67734375,Jenny Massy
0,26,1966-10-18,Assistant Manager,3,2,N,1,9,6 Sutherland Parkway,4879,1,Australia,10.0,0.65,0.8125,1.015625,0.86328125,715,715,0.67734375,Beatrix McGivena
0,15,1999-11-30,Environmental Specialist,3,0,N,1,9,1 Oriole Crossing,3184,2,Australia,9.0,1.03,1.2875,1.609375,1.609375,719,719,0.675,Nalani Hallad
1,71,1966-01-30,Actuary,2,2,N,1,7,51837 Canary Center,2114,0,Australia,9.0,0.75,0.9375,1.171875,0.99609375,719,719,0.675,Inglebert Butland
1,12,1978-01-15,Mechanical Systems Engineer,5,2,N,0,5,43030 Carberry Way,2560,0,Australia,4.0,1.01,1.01,1.01,0.8585,719,719,0.675,Brendis Pineaux
1,36,1965-08-21,Web Designer I,5,2,N,0,17,6 Anzinger Pass,3030,2,Australia,6.0,0.93,0.93,0.93,0.7905,722,722,0.6715,Glendon Malham
0,40,1977-01-03,Marketing Assistant,4,0,N,1,21,19453 Ramsey Point,3067,2,Australia,11.0,0.91,1.1375,1.421875,1.421875,724,724,0.67,Morganica Bentke
1,75,1993-11-02,Analog Circuit Design manager,6,2,N,1,10,189 Bayside Court,2480,0,Australia,7.0,0.65,0.8125,0.8125,0.690625,725,725,0.669375,Son Varney
1,28,1956-09-15,Internal Auditor,3,0,N,1,12,174 Farwell Point,2121,0,Australia,11.0,0.59,0.7375,0.921875,0.921875,725,725,0.669375,Bartram Caltun
0,60,1961-12-10,Research Nurse,3,0,N,1,16,356 Pennsylvania Point,2128,0,Australia,9.0,0.58,0.725,0.90625,0.90625,725,725,0.669375,Halette Borsi
1,87,1997-03-28,Environmental Tech,4,2,N,1,11,62 Dryden Junction,2042,0,Australia,10.0,0.74,0.925,1.15625,0.9828125,731,731,0.6640625,Killie Densie
0,40,1992-04-07,Programmer Analyst I,5,2,N,1,5,25 Westerfield Road,4165,1,Australia,5.0,0.44,0.55,0.55,0.4675,731,731,0.6640625,Mandi Adamsson
1,35,1991-03-06,Junior Executive,2,2,N,0,15,74 Everett Court,4408,1,Australia,2.0,1.1,1.1,1.1,0.935,733,733,0.6625,Yardley Matten
1,17,1981-04-14,Chemical Engineer,5,2,N,1,5,38 Nobel Lane,2147,0,Australia,9.0,1.09,1.3625,1.703125,1.44765625,733,733,0.6625,Shepperd Leonards
0,68,1966-09-17,Research Nurse,3,2,N,1,6,8 Crowley Center,4212,1,Australia,7.0,0.49,0.6125,0.6125,0.520625,733,733,0.6625,Fancie Woofendell
1,48,1975-09-20,Civil Engineer,5,1,N,0,16,174 Lotheville Crossing,2093,0,Australia,9.0,0.91,0.91,1.1375,1.1375,739,739,0.66,Micheil Fleote
0,42,1947-06-12,Accountant IV,4,0,N,1,19,8 Bluejay Road,4301,1,Australia,1.0,0.6,0.75,0.75,0.75,739,739,0.66,Cecily Faircley
1,68,1974-02-21,Financial Analyst,2,2,N,1,11,44 Thompson Center,2134,0,Australia,9.0,1.02,1.275,1.59375,1.3546875,741,741,0.65875,Sinclair Wark
1,97,2001-04-16,Junior Executive,2,2,N,1,10,70360 Onsgard Plaza,3977,2,Australia,6.0,0.58,0.725,0.90625,0.7703125,741,741,0.65875,Tomaso Horsley
0,70,1948-03-02,Database Administrator IV,6,0,N,1,17,53870 Jay Pass,4575,1,Australia,9.0,0.45,0.5625,0.703125,0.703125,744,744,0.65625,Gilli Christophers
1,87,1998-08-19,Professor,1,2,N,0,11,417 Killdeer Alley,2650,0,Australia,2.0,0.52,0.52,0.65,0.5525,744,744,0.65625,Errick Burgin
1,43,1976-07-19,Software Consultant,7,0,N,0,8,28 Prentice Trail,2155,0,Australia,10.0,0.73,0.73,0.9125,0.9125,744,744,0.65625,Damian Renard
0,86,1980-01-03,Physical Therapy Assistant,2,2,N,0,7,216 Bultman Park,4305,1,Australia,3.0,1.03,1.03,1.2875,1.094375,747,747,0.6545,Agnola Batterson
0,25,1962-05-12,Librarian,1,2,N,1,5,435 Mitchell Street,4115,1,Australia,7.0,0.47,0.5875,0.5875,0.499375,748,748,0.65078125,Riki Wandtke
1,99,1975-07-25,VP Marketing,2,2,N,1,21,15621 Twin Pines Crossing,4130,1,Australia,9.0,0.68,0.85,1.0625,0.903125,748,748,0.65078125,Mikol Eck
0,7,1971-01-10,Web Designer IV,7,0,N,0,11,03 Bellgrove Avenue,2066,0,Australia,12.0,1.0,1.0,1.25,1.25,750,750,0.65,Phyllis Wibberley
1,33,1950-04-15,Senior Sales Associate,7,2,N,1,20,89100 Rusk Crossing,3338,2,Australia,2.0,0.61,0.7625,0.7625,0.648125,751,751,0.648125,Burt Vasechkin
1,35,1965-03-15,Social Worker,3,2,N,0,16,42280 Namekagon Crossing,2140,0,Australia,8.0,0.7,0.7,0.7,0.595,754,754,0.646,Frederigo Cribbott
1,22,1996-03-18,Senior Sales Associate,2,0,N,1,6,77916 Moland Park,3174,2,Australia,6.0,0.95,1.1875,1.1875,1.1875,755,755,0.64,Cal Van den Velde
0,32,1973-09-29,Senior Quality Engineer,2,2,N,1,6,00 Southridge Avenue,2036,0,Australia,11.0,0.62,0.775,0.96875,0.8234375,755,755,0.64,Stephani Sidsaff
1,69,1982-04-25,Health Coach III,3,1,N,0,17,7870 Stuart Crossing,2090,0,Australia,7.0,0.61,0.61,0.61,0.61,755,755,0.64,Meade Bampton
1,51,1973-12-22,Teacher,7,0,N,0,21,7234 Sycamore Pass,4178,1,Australia,3.0,0.79,0.79,0.79,0.79,760,760,0.6375,Leighton Firbanks
1,5,1987-11-02,Nurse Practicioner,6,2,N,0,7,98454 Dapin Park,4556,1,Australia,7.0,0.59,0.59,0.59,0.5015,760,760,0.6375,Petr Westman
1,6,1950-09-09,Software Consultant,0,0,N,0,16,4 Talmadge Road,4701,1,Australia,1.0,0.46,0.46,0.46,0.46,760,760,0.6375,Yorgos Dewhurst
1,52,2002-01-04,Junior Executive,2,0,N,0,8,47 Susan Park,2025,0,Australia,12.0,1.04,1.04,1.3,1.3,760,760,0.6375,Simmonds Bapty
1,37,1960-10-01,Research Assistant IV,5,1,N,1,11,6026 Mallory Drive,4561,1,Australia,7.0,0.7,0.875,0.875,0.875,760,760,0.6375,Cazzie Stanwix
1,89,1999-02-22,Clinical Specialist,3,0,N,0,8,1 Eliot Plaza,2323,0,Australia,4.0,0.71,0.71,0.8875,0.8875,760,760,0.6375,Geoff Gwillym
0,11,1965-12-22,VP Sales,7,2,N,1,9,7 Sycamore Terrace,2232,0,Australia,10.0,0.66,0.825,1.03125,0.8765625,760,760,0.6375,Deirdre Sturgeon
0,86,1947-12-15,Librarian,1,2,N,0,22,28 Parkside Park,3046,2,Australia,8.0,0.78,0.78,0.975,0.82875,760,760,0.6375,Juliann Siemantel
0,23,1984-12-13,Chief Design Engineer,3,0,N,0,4,2782 Northridge Street,2420,0,Australia,3.0,0.71,0.71,0.71,0.71,760,760,0.6375,Janaye Eade
1,47,1953-04-02,Project Manager,5,1,N,1,9,3662 Beilfuss Lane,2170,0,Australia,8.0,0.63,0.7875,0.7875,0.7875,773,773,0.63,Dylan Stranio
0,11,1989-07-23,Assistant Professor,7,2,N,1,4,56334 Vera Crossing,3013,2,Australia,9.0,0.62,0.775,0.96875,0.8234375,774,774,0.626875,Mel Rochford
1,46,1993-06-02,VP Accounting,2,1,N,0,10,79 Sheridan Point,2231,0,Australia,10.0,0.69,0.69,0.8625,0.8625,774,774,0.626875,Elvin Trayhorn
0,73,1988-03-05,Budget/Accounting Analyst III,7,2,N,1,14,04769 Dahle Plaza,3170,2,Australia,9.0,0.54,0.675,0.84375,0.7171875,774,774,0.626875,Sonni Milligan
0,38,1966-01-19,Librarian,1,0,N,0,18,5731 Bunker Hill Lane,2046,0,Australia,10.0,0.82,0.82,1.025,1.025,778,778,0.625,Kellina Haygreen
0,30,1981-07-28,Food Chemist,3,2,N,0,10,25044 Bay Avenue,2042,0,Australia,10.0,0.84,0.84,1.05,0.8925,780,780,0.62421875,Therese Brotherhood
0,35,1964-07-07,Software Test Engineer I,2,0,N,1,10,315 Hudson Road,4818,1,Australia,5.0,1.09,1.3625,1.3625,1.3625,782,782,0.6205,Pansie Beccero
1,55,1955-01-15,Nurse Practicioner,5,1,N,0,8,6112 Mariners Cove Park,3147,2,Australia,10.0,0.64,0.64,0.8,0.8,782,782,0.6205,Reinaldos Simmig
1,98,1992-10-13,Dental Hygienist,3,2,N,0,12,176 Fallview Plaza,2019,0,Australia,9.0,0.94,0.94,1.175,0.99875,782,782,0.6205,Calhoun Mussington
1,66,1994-04-12,Analyst Programmer,5,0,N,0,9,544 Pawling Road,2230,0,Australia,10.0,0.93,0.93,1.1625,1.1625,785,785,0.62,Winn Wells
1,89,1956-08-12,Operator,3,1,N,0,6,11 Brickson Park Alley,2166,0,Australia,10.0,0.81,0.81,1.0125,1.0125,786,786,0.61625,Rafi Brettelle
1,1,1982-03-20,Marketing Assistant,4,1,N,0,7,598 Memorial Place,2082,0,Australia,10.0,0.58,0.58,0.725,0.725,788,788,0.6125,Verne Loalday
0,49,1980-04-23,Financial Advisor,2,0,N,0,9,6227 Quincy Terrace,4740,1,Australia,2.0,0.72,0.72,0.72,0.72,788,788,0.6125,Eleonora Wiszniewski
0,32,1992-10-13,Geological Engineer,5,2,N,1,9,31351 Sunbrook Place,2234,0,Australia,10.0,0.49,0.6125,0.765625,0.65078125,788,788,0.6125,Fayre Brannigan
0,93,1974-01-26,Registered Nurse,3,0,N,1,11,80 Schiller Center,2292,0,Australia,6.0,0.58,0.725,0.90625,0.90625,791,791,0.612,Eachelle Noirel
1,4,1973-03-12,Associate Professor,6,2,N,0,7,1217 Melody Alley,3109,2,Australia,10.0,0.82,0.82,1.025,0.87125,791,791,0.612,Carl Troyes
0,79,1954-09-21,Librarian,1,1,N,0,18,46 Westerfield Place,2195,0,Australia,6.0,0.79,0.79,0.79,0.79,793,793,0.6109375,Cordie Brankley
1,21,1955-11-09,Developer I,3,2,N,0,9,75024 Ronald Regan Hill,2135,0,Australia,12.0,0.99,0.99,1.2375,1.051875,794,794,0.605625,Jackie Pays
0,61,1951-08-25,Clinical Specialist,3,0,N,0,13,15 Fisk Road,2099,0,Australia,9.0,1.1,1.1,1.375,1.375,795,795,0.6035,Carroll Schlagman
1,1,1969-10-03,Nurse,5,2,N,0,10,96 Hermina Place,4350,1,Australia,2.0,0.71,0.71,0.71,0.6035,795,795,0.6035,Frans Idale
0,47,1966-11-17,Biostatistician IV,2,2,N,1,13,99376 Namekagon Street,3101,2,Australia,12.0,0.73,0.9125,1.140625,0.96953125,797,797,0.6,Amara Clow
1,7,1938-06-08,General Manager,3,2,N,0,12,276 Derek Circle,2759,0,Australia,9.0,0.93,0.93,1.1625,0.988125,797,797,0.6,Anthony Morison
0,0,1981-07-05,Environmental Tech,5,0,N,0,13,56766 Mariners Cove Place,2256,0,Australia,9.0,0.73,0.73,0.9125,0.9125,797,797,0.6,Cherye Stanfield
1,77,1949-08-11,Chemical Engineer,5,0,N,0,22,13 Montana Place,2232,0,Australia,10.0,0.83,0.83,1.0375,1.0375,797,797,0.6,Ansell Tolhurst
0,25,1974-05-21,Account Executive,3,2,N,1,14,02463 Portage Center,2107,0,Australia,11.0,0.41,0.5125,0.640625,0.54453125,801,801,0.59765625,Rosene Beckey
0,77,1980-09-14,Health Coach I,3,2,N,0,11,383 Graceland Avenue,2010,0,Australia,10.0,0.74,0.74,0.925,0.78625,801,801,0.59765625,Darlleen Shalcras
1,79,1951-02-05,Marketing Manager,5,2,N,0,21,005 Kensington Street,4165,1,Australia,5.0,0.5,0.5,0.5,0.425,804,804,0.595,Bryon Goundry
0,12,1952-05-30,Software Test Engineer I,5,1,N,0,20,2 Namekagon Trail,3981,2,Australia,7.0,0.45,0.45,0.45,0.45,804,804,0.595,Luci Dyter
1,83,1964-11-10,Junior Executive,2,0,N,0,16,6771 Pleasure Terrace,4557,1,Australia,9.0,0.95,0.95,1.1875,1.1875,804,804,0.595,Sloan Pudney
1,67,1940-11-25,Programmer III,2,1,N,0,21,2632 Del Mar Point,2226,0,Australia,11.0,0.78,0.78,0.975,0.975,808,808,0.595,Otes Elegood
1,94,1985-12-19,Financial Analyst,2,2,N,0,8,7021 5th Alley,2770,0,Australia,7.0,1.0,1.0,1.25,1.0625,808,808,0.595,Davie Blay
0,94,1968-11-23,Safety Technician IV,2,0,N,1,9,04153 Johnson Point,2193,0,Australia,10.0,1.08,1.35,1.6875,1.6875,810,810,0.5875,Meade McReedy
1,69,1945-06-11,Chemical Engineer,5,2,N,0,20,9 Spohn Way,4127,1,Australia,1.0,0.81,0.81,0.81,0.6885,810,810,0.5875,Rikki Chaffey
0,39,1978-07-10,Nuclear Power Engineer,5,0,N,1,9,6030 Becker Plaza,2261,0,Australia,7.0,0.52,0.65,0.65,0.65,810,810,0.5875,Adria Van den Velde
1,38,1960-04-23,Dental Hygienist,3,2,N,0,5,4 Anzinger Street,4556,1,Australia,8.0,0.8,0.8,0.8,0.68,817,817,0.5865,Rowen Sollas
1,42,1940-05-18,Computer Systems Analyst III,3,2,N,1,17,33 Pond Point,2291,0,Australia,10.0,0.99,1.2375,1.546875,1.31484375,817,817,0.5865,Boothe Hayselden
1,1,1965-05-04,Budget/Accounting Analyst I,2,0,N,0,17,1 Roth Plaza,3121,2,Australia,10.0,0.49,0.49,0.6125,0.6125,817,817,0.5865,Noak Sleany
1,65,1988-12-15,GIS Technical Architect,2,0,N,0,14,0593 Stoughton Center,3073,2,Australia,8.0,0.73,0.73,0.73,0.73,820,820,0.584375,Callean Wass
1,96,1988-09-01,Marketing Assistant,5,1,N,0,12,8042 Cherokee Court,3163,2,Australia,8.0,0.52,0.52,0.65,0.65,820,820,0.584375,Keelby Sudlow
1,70,1978-08-06,Budget/Accounting Analyst III,5,0,N,0,17,5864 Mcbride Trail,3174,2,Australia,8.0,1.01,1.01,1.01,1.01,820,820,0.584375,Rodrique Vernon
1,36,1977-01-28,Account Representative III,0,2,N,0,16,6 Union Center,4280,1,Australia,7.0,0.55,0.55,0.55,0.4675,820,820,0.584375,Manny Mandy
0,11,1973-05-11,Sales Associate,2,2,N,1,7,41153 Pond Park,2251,0,Australia,8.0,1.05,1.3125,1.3125,1.115625,820,820,0.584375,Becky Lassen
0,43,1971-05-31,Senior Financial Analyst,2,2,N,0,9,6233 Fulton Point,3337,2,Australia,6.0,1.02,1.02,1.02,0.867,820,820,0.584375,Tessa Heakey
0,60,1963-12-08,Registered Nurse,3,1,N,1,15,4189 Laurel Center,2620,0,Australia,7.0,0.53,0.6625,0.6625,0.6625,828,828,0.58,Renate Whyte
0,67,1992-03-09,Cost Accountant,2,2,N,1,5,76 Melody Avenue,2092,0,Australia,12.0,0.73,0.9125,1.140625,0.96953125,830,830,0.578,Toma Woolforde
0,24,1962-05-05,Registered Nurse,3,0,N,0,12,1 Mcguire Lane,3356,2,Australia,4.0,0.74,0.74,0.74,0.74,830,830,0.578,Dorie Dunleavy
0,29,1973-08-11,Staff Accountant III,6,1,N,1,4,8734 Fulton Hill,2156,0,Australia,11.0,0.66,0.825,1.03125,1.03125,832,832,0.575,Ellie Toope
1,56,1962-08-26,Nuclear Power Engineer,5,1,N,0,11,43 Pond Junction,3216,2,Australia,5.0,0.76,0.76,0.76,0.76,832,832,0.575,Teodor Mullinder
1,79,1963-08-25,Media Manager II,2,2,N,0,15,6195 Bellgrove Lane,4211,1,Australia,7.0,1.06,1.06,1.06,0.901,832,832,0.575,Jared Fendlow
1,79,1979-01-09,Payment Adjustment Coordinator,5,0,N,1,7,63386 Talisman Hill,4556,1,Australia,8.0,0.64,0.8,0.8,0.8,832,832,0.575,Andy Deeming
0,79,1958-04-16,Environmental Specialist,6,1,N,1,6,192 South Junction,2567,0,Australia,7.0,0.87,1.0875,1.0875,1.0875,843,843,0.5695,Catha Davitt
0,25,2001-04-17,Compensation Analyst,2,2,N,0,12,900 Victoria Way,2211,0,Australia,9.0,0.75,0.75,0.9375,0.796875,843,843,0.5695,Melosa McOwan
0,21,1973-04-14,Engineer IV,7,2,N,0,7,06 Main Alley,4300,1,Australia,4.0,0.93,0.93,0.93,0.7905,845,845,0.563125,Maris Leete
1,22,1994-09-30,Engineer I,5,2,N,0,3,22 Muir Avenue,2148,0,Australia,5.0,1.02,1.02,1.02,0.867,845,845,0.563125,Wilburt Padden
1,42,1982-10-29,Financial Analyst,2,2,N,1,5,47776 Packers Street,3226,2,Australia,8.0,0.67,0.8375,0.8375,0.711875,845,845,0.563125,Guilbert Bearns
0,62,1997-03-07,Registered Nurse,3,1,N,1,10,535 Graedel Circle,2444,0,Australia,7.0,0.52,0.65,0.65,0.65,845,845,0.563125,Meridith Urwin
0,46,1959-11-13,Registered Nurse,3,1,N,0,12,074 Badeau Crossing,3250,2,Australia,2.0,0.55,0.55,0.55,0.55,851,851,0.5625,Gerta Porrett
0,63,1956-11-07,Civil Engineer,5,2,N,0,17,4897 Melody Road,2566,0,Australia,9.0,0.8,0.8,1.0,0.85,851,851,0.5625,Karrah Howell
1,62,1998-08-16,Pharmacist,3,2,N,1,1,096 Gateway Road,2747,0,Australia,8.0,0.77,0.9625,0.9625,0.818125,851,851,0.5625,Alick Baise
0,29,1942-09-10,Cost Accountant,2,0,N,1,9,68 Bluestem Center,3166,2,Australia,10.0,0.51,0.6375,0.796875,0.796875,854,854,0.561,Casandra Betteridge
0,45,1980-09-13,Automation Specialist II,6,1,N,1,5,6 Maple Plaza,2042,0,Australia,10.0,1.08,1.35,1.6875,1.6875,854,854,0.561,Maurine Clee
1,24,1978-12-27,Junior Executive,3,0,N,1,18,6812 Gina Point,3082,2,Australia,7.0,0.71,0.8875,0.8875,0.8875,856,856,0.56,Darwin Bumpas
1,32,1953-03-27,VP Quality Control,5,0,N,1,11,1 Becker Parkway,4350,1,Australia,2.0,0.59,0.7375,0.7375,0.7375,856,856,0.56,Hayes Daveren
0,67,1939-11-08,Human Resources Assistant III,3,0,N,1,22,52201 Tony Avenue,2088,0,Australia,9.0,0.51,0.6375,0.796875,0.796875,856,856,0.56,Piper Issacov
1,88,1959-08-01,Clinical Specialist,3,0,N,1,12,2382 Anthes Crossing,2153,0,Australia,10.0,0.45,0.5625,0.703125,0.703125,859,859,0.5578125,Markus Pendrey
0,47,1958-03-29,Business Systems Development Analyst,4,1,N,0,15,44350 Buell Alley,4018,1,Australia,6.0,0.51,0.51,0.51,0.51,859,859,0.5578125,Sile Zappel
1,37,1979-02-10,Marketing Manager,5,1,N,1,8,23 Del Sol Alley,3064,2,Australia,6.0,0.54,0.675,0.675,0.675,859,859,0.5578125,Craggy Happel
1,42,1980-11-26,Financial Advisor,2,0,N,0,3,79 Mockingbird Plaza,3163,2,Australia,7.0,1.03,1.03,1.03,1.03,862,862,0.5525,Egor Mariette
1,54,1953-08-21,Senior Financial Analyst,2,0,N,0,10,858 Portage Hill,2770,0,Australia,7.0,1.0,1.0,1.0,1.0,862,862,0.5525,Reinald Bembrigg
0,2,2000-05-20,Environmental Tech,5,0,N,1,7,629 Grasskamp Junction,2200,0,Australia,9.0,1.0,1.25,1.5625,1.5625,862,862,0.5525,Kissie Line
0,32,1990-09-15,Associate Professor,5,2,N,0,4,88 Aberg Circle,3806,2,Australia,8.0,0.47,0.47,0.47,0.3995,865,865,0.55,Quentin Gerleit
1,57,1947-04-06,Account Representative IV,3,1,N,1,21,18 Morning Circle,3012,2,Australia,2.0,0.46,0.575,0.575,0.575,865,865,0.55,Karoly Burgoine
0,99,1964-12-07,Dental Hygienist,3,1,N,0,14,7523 Eggendart Hill,4151,1,Australia,10.0,0.99,0.99,1.2375,1.2375,865,865,0.55,Clarine Piecha
0,87,1958-07-28,Statistician IV,2,2,N,0,8,727 Morrow Parkway,3197,2,Australia,9.0,0.54,0.54,0.675,0.57375,865,865,0.55,Clemmie Bartoszewicz
1,95,1974-07-28,Product Engineer,3,2,N,1,12,83497 Memorial Plaza,2570,0,Australia,11.0,0.48,0.6,0.75,0.6375,870,870,0.544,Randall Mason
0,47,1967-06-01,Senior Cost Accountant,2,2,N,0,4,488 Briar Crest Court,2101,0,Australia,12.0,0.7,0.7,0.875,0.74375,871,871,0.541875,Donica Humby
0,76,1961-08-23,Nurse,3,1,N,1,7,78451 South Street,2380,0,Australia,3.0,0.91,1.1375,1.1375,1.1375,871,871,0.541875,Lotty Loach
0,37,1953-10-12,Clinical Specialist,3,1,N,0,8,6 Prairieview Pass,2770,0,Australia,6.0,0.65,0.65,0.65,0.65,871,871,0.541875,Marie-jeanne Breawood
1,88,1974-09-28,Programmer Analyst II,2,0,N,0,11,4787 Golf Terrace,3163,2,Australia,7.0,0.54,0.54,0.675,0.675,871,871,0.541875,Rodolphe Glenton
1,58,1995-10-20,Electrical Engineer,5,0,N,1,1,4 Pine View Junction,3021,2,Australia,8.0,0.8,1.0,1.0,1.0,871,871,0.541875,Thorvald Duckerin
0,57,1956-03-08,Automation Specialist I,5,2,N,0,19,097 Hollow Ridge Alley,2118,0,Australia,11.0,0.46,0.46,0.575,0.48875,877,877,0.54,Paulina Iannuzzelli
1,43,1948-08-03,Automation Specialist III,5,0,N,1,13,860 Barby Lane,4275,1,Australia,9.0,1.09,1.3625,1.703125,1.703125,877,877,0.54,Ricki Padefield
0,30,1994-04-11,Assistant Manager,3,1,N,1,13,6412 Butternut Road,2050,0,Australia,10.0,0.46,0.575,0.71875,0.71875,879,879,0.5375,Lizette McKeaveney
1,67,1941-07-21,Tax Accountant,2,1,N,0,7,891 Sachtjen Hill,4170,1,Australia,9.0,0.9,0.9,1.125,1.125,879,879,0.5375,Jeno Strafford
1,48,1964-11-02,Associate Professor,1,2,N,0,14,7650 Gulseth Parkway,3139,2,Australia,7.0,0.56,0.56,0.56,0.476,883,883,0.53125,Raleigh Pont
1,40,1938-06-09,Cost Accountant,2,0,N,1,20,24815 Lindbergh Avenue,2749,0,Australia,7.0,0.72,0.9,0.9,0.9,883,883,0.53125,Zachariah Meininking
1,52,1994-03-29,Software Consultant,8,2,N,0,11,924 Lindbergh Court,2226,0,Australia,9.0,0.43,0.43,0.5375,0.456875,883,883,0.53125,Lesley Garey
0,27,1957-03-17,Analog Circuit Design manager,0,0,N,1,5,1 Manitowish Court,2259,0,Australia,9.0,0.4,0.5,0.625,0.625,888,888,0.525,Adriena Giffin
1,57,1956-10-05,Project Manager,4,2,N,1,9,1 Mandrake Way,3844,2,Australia,1.0,0.75,0.9375,0.9375,0.796875,888,888,0.525,Shay Briand
1,51,1972-07-02,Design Engineer,6,2,N,1,6,4011 Prairieview Court,2031,0,Australia,12.0,0.8,1.0,1.25,1.0625,888,888,0.525,Karney Burstow
0,11,1999-06-18,Civil Engineer,5,1,N,1,15,53877 Dakota Crossing,2871,0,Australia,3.0,0.57,0.7125,0.7125,0.7125,893,893,0.520625,Latrena Yetts
0,54,2000-03-24,Systems Administrator II,4,2,N,1,6,0 Summit Center,4019,1,Australia,4.0,0.56,0.7,0.7,0.595,893,893,0.520625,Kelcie Kingaby
1,5,1961-10-02,Software Test Engineer II,5,2,N,0,18,66 Shopko Circle,3806,2,Australia,8.0,1.04,1.04,1.04,0.884,896,896,0.52,Fabio Commuzzo
1,46,1941-06-17,Environmental Tech,4,0,N,1,7,370 Eastwood Road,4133,1,Australia,5.0,1.09,1.3625,1.3625,1.3625,896,896,0.52,Heall Andrioli
1,47,1959-09-18,Staff Scientist,3,2,N,0,10,20 Hoffman Park,2145,0,Australia,9.0,0.68,0.68,0.85,0.7225,898,898,0.5125,Rickert Brasted
0,38,1952-08-21,Accountant IV,6,0,N,0,11,6293 Hooker Point,2099,0,Australia,10.0,0.89,0.89,1.1125,1.1125,899,899,0.51,Hedwig Jayme
0,53,1964-05-19,Chief Design Engineer,5,2,N,0,8,900 Brown Junction,2291,0,Australia,10.0,0.57,0.57,0.7125,0.605625,899,899,0.51,Andriana Gosnoll
1,48,1996-02-15,Paralegal,2,2,N,0,9,8845 Spaight Way,3049,2,Australia,6.0,0.73,0.73,0.73,0.6205,903,903,0.5015,Nilson Wiggam
0,84,1973-05-13,Business Systems Development Analyst,5,0,N,1,5,85420 Myrtle Road,2114,0,Australia,8.0,0.95,1.1875,1.484375,1.484375,904,904,0.5,Denny Spleving
0,77,1973-03-24,Account Executive,3,2,N,0,8,6315 Mendota Parkway,2263,0,Australia,7.0,1.04,1.04,1.04,0.884,904,904,0.5,Olia O' Mullan
1,10,2000-05-06,Software Test Engineer III,3,0,N,0,16,34020 Sheridan Park,2768,0,Australia,9.0,0.42,0.42,0.525,0.525,904,904,0.5,Shaw MacEvilly
0,65,1957-11-17,Sales Representative,7,2,N,1,8,58 Meadow Valley Court,2330,0,Australia,5.0,0.48,0.6,0.6,0.51,904,904,0.5,Brook Eade
0,7,1991-05-21,General Manager,5,0,N,0,17,07 Acker Pass,3178,2,Australia,8.0,0.98,0.98,0.98,0.98,904,904,0.5,Dolorita Strutton
1,39,1960-12-27,Geologist III,5,0,N,1,6,31815 Vermont Drive,4227,1,Australia,5.0,0.7,0.875,0.875,0.875,913,913,0.499375,Harman A'field
0,58,1987-11-16,Developer IV,1,1,N,0,9,659 Comanche Plaza,2153,0,Australia,10.0,0.72,0.72,0.9,0.9,913,913,0.499375,Ilise Clissold
0,14,1979-05-16,Chemical Engineer,5,1,N,1,13,5 Myrtle Junction,4128,1,Australia,2.0,0.68,0.85,0.85,0.85,913,913,0.499375,Julita Prene
0,64,1984-05-15,Software Consultant,3,1,N,0,16,723 Grayhawk Way,3934,2,Australia,8.0,0.68,0.68,0.68,0.68,913,913,0.499375,Ashlen Willbond
0,71,1988-10-16,Nurse,8,1,N,0,3,55 Dorton Point,4154,1,Australia,9.0,0.41,0.41,0.5125,0.5125,913,913,0.499375,Keely Bointon
1,78,1950-06-15,Help Desk Operator,8,1,N,0,17,9 Killdeer Circle,2643,0,Australia,2.0,0.62,0.62,0.62,0.62,920,920,0.493,Poul Gaskin
0,59,1990-12-21,Pharmacist,3,2,N,0,16,64213 Miller Point,2071,0,Australia,9.0,0.65,0.65,0.8125,0.690625,921,921,0.49,Rubia Evetts
1,51,1981-04-06,Teacher,6,2,N,1,3,24593 Jackson Parkway,2231,0,Australia,10.0,0.56,0.7,0.875,0.74375,921,921,0.49,Francklin Cross
0,2,1973-05-30,Senior Cost Accountant,2,2,N,1,15,0504 Nevada Drive,2155,0,Australia,10.0,0.84,1.05,1.3125,1.115625,924,924,0.48875,Lezlie Clemits
0,47,1959-08-20,General Manager,5,2,N,1,5,817 Loftsgordon Road,3029,2,Australia,4.0,0.93,1.1625,1.1625,0.988125,926,926,0.4845,Kathe Oller
0,61,1957-07-03,Research Associate,5,2,N,0,20,30 Lukken Point,4159,1,Australia,9.0,0.81,0.81,1.0125,0.860625,926,926,0.4845,Dulce Bradwell
1,75,1998-02-05,Librarian,1,1,N,0,3,4 Kingsford Trail,4051,1,Australia,4.0,0.54,0.54,0.54,0.54,928,928,0.48,Felice Dechelette
0,84,1978-03-17,Senior Cost Accountant,2,1,N,1,13,42 3rd Plaza,2250,0,Australia,7.0,0.78,0.975,1.21875,1.21875,928,928,0.48,Joane Caldes
1,65,1951-01-18,Occupational Therapist,3,2,N,1,21,21712 Texas Court,3429,2,Australia,5.0,1.01,1.2625,1.2625,1.073125,930,930,0.478125,Ogdan Blenkinship
0,98,1976-07-25,Statistician II,5,0,N,0,8,122 Marcy Park,2213,0,Australia,10.0,0.64,0.64,0.8,0.8,930,930,0.478125,Kizzee Agget
0,30,1987-09-09,Software Engineer I,8,2,N,1,12,293 Mendota Park,2154,0,Australia,10.0,0.79,0.9875,1.234375,1.04921875,930,930,0.478125,Stephi Highton
1,18,1975-01-19,Senior Financial Analyst,2,2,N,0,14,47 Scofield Junction,3620,2,Australia,4.0,0.82,0.82,0.82,0.697,930,930,0.478125,Martino Scoles
0,5,1960-08-31,Project Manager,5,2,N,0,6,9 Washington Center,3340,2,Australia,4.0,0.46,0.46,0.46,0.391,930,930,0.478125,Morgen Newport
0,79,1963-08-10,Assistant Media Planner,1,2,N,1,17,7109 Grayhawk Avenue,3073,2,Australia,6.0,0.49,0.6125,0.6125,0.520625,936,936,0.476,Eugenie Brinson
1,16,1964-08-23,Help Desk Technician,2,1,N,1,8,70 Evergreen Hill,3207,2,Australia,8.0,0.46,0.575,0.575,0.575,937,937,0.47,Reinold Natt
0,41,1945-10-31,Paralegal,2,1,N,1,11,20139 Lakewood Plaza,2440,0,Australia,3.0,0.89,1.1125,1.1125,1.1125,937,937,0.47,Jo Roberts
0,77,1940-03-18,Legal Assistant,0,2,N,0,17,9 Memorial Road,4132,1,Australia,4.0,1.04,1.04,1.04,0.884,939,939,0.4675,Jacklin Duchant
1,98,1946-09-09,Staff Scientist,7,1,N,0,20,3094 Elka Place,2166,0,Australia,9.0,0.96,0.96,1.2,1.2,939,939,0.4675,Colas Gabbitas
0,61,1974-04-30,Internal Auditor,2,2,N,1,21,31 Schurz Parkway,3181,2,Australia,8.0,0.75,0.9375,0.9375,0.796875,939,939,0.4675,Claudetta Ricciardiello
0,63,1971-04-26,Food Chemist,3,0,N,1,8,955 Burning Wood Way,2478,0,Australia,3.0,0.54,0.675,0.675,0.675,939,939,0.4675,Cicily Hast
1,90,1974-05-28,Software Test Engineer I,7,2,N,0,8,27 Crownhardt Center,3934,2,Australia,10.0,1.08,1.08,1.35,1.1475,944,944,0.46,Harland Messenger
1,91,1992-08-09,Analog Circuit Design manager,6,2,N,0,5,41002 Loomis Park,2010,0,Australia,9.0,0.97,0.97,1.2125,1.030625,944,944,0.46,Sim Constantinou
0,63,1941-08-19,Sales Representative,7,1,N,0,8,10 Cottonwood Point,2530,0,Australia,7.0,0.93,0.93,0.93,0.93,944,944,0.46,Shanon Rolfe
0,44,1988-08-22,Software Engineer III,5,1,N,1,4,2115 Maryland Alley,2320,0,Australia,9.0,1.04,1.3,1.625,1.625,947,947,0.459,Chryste Oddboy
0,35,1992-03-26,Account Executive,3,2,N,0,17,6 Milwaukee Hill,3015,2,Australia,4.0,0.78,0.78,0.78,0.663,948,948,0.456875,Edin Patinkin
1,13,1994-02-10,Help Desk Operator,5,1,N,1,11,6792 Kropf Hill,2049,0,Australia,11.0,0.43,0.5375,0.671875,0.671875,948,948,0.456875,Nolly Ivanchikov
1,23,1983-06-26,Teacher,3,1,N,0,2,37 Mesta Road,3198,2,Australia,8.0,0.48,0.48,0.48,0.48,948,948,0.456875,Michele Pammenter
1,67,1966-03-03,Environmental Specialist,4,2,N,1,6,02643 Moose Court,4500,1,Australia,7.0,1.03,1.2875,1.2875,1.094375,951,951,0.4505,Philbert Bangs
1,12,1969-04-29,Geologist I,2,2,N,1,6,2941 Loftsgordon Hill,3337,2,Australia,7.0,0.54,0.675,0.675,0.57375,956,956,0.44625,Maximilien Bourget
0,59,1995-08-13,Operator,7,2,N,1,15,345 Fieldstone Park,2121,0,Australia,11.0,1.03,1.2875,1.609375,1.36796875,956,956,0.44625,Benedikta Naptin
0,78,1998-10-14,Web Designer II,7,2,N,0,7,220 Cody Alley,3075,2,Australia,8.0,0.73,0.73,0.73,0.6205,956,956,0.44625,Afton Andrassy
0,0,1975-07-30,Accountant III,2,2,N,0,10,99 Park Meadow Hill,2570,0,Australia,9.0,0.93,0.93,1.1625,0.988125,960,960,0.442,Sonia Dunstall
1,15,1987-01-15,Recruiting Manager,3,2,N,0,11,4 Bluestem Pass,3564,2,Australia,3.0,0.69,0.69,0.69,0.5865,960,960,0.442,Benedikt Adamou
1,82,1969-01-05,Associate Professor,6,0,N,1,7,078 Erie Point,2760,0,Australia,10.0,0.48,0.6,0.75,0.75,963,963,0.44,Don Spratling
0,25,1980-12-19,Research Assistant III,5,2,N,1,13,6 Hansons Crossing,4123,1,Australia,6.0,0.41,0.5125,0.5125,0.435625,963,963,0.44,Moll Ogilby
0,42,1975-02-25,Human Resources Manager,3,2,N,1,15,8 Saint Paul Junction,2066,0,Australia,10.0,0.97,1.2125,1.515625,1.28828125,963,963,0.44,Jammie Seldner
1,33,1994-06-25,Product Engineer,8,0,N,0,1,14067 Armistice Plaza,2770,0,Australia,8.0,0.83,0.83,0.83,0.83,963,963,0.44,Inglis Pickaver
0,6,1963-08-25,Geological Engineer,5,2,N,0,18,8491 Pennsylvania Crossing,4035,1,Australia,6.0,1.01,1.01,1.01,0.8585,967,967,0.435625,Clarabelle Broschek
0,74,1960-08-10,Civil Engineer,5,1,N,0,14,59208 Barnett Avenue,2104,0,Australia,12.0,0.99,0.99,1.2375,1.2375,967,967,0.435625,Tillie Bisseker
1,60,1986-01-17,Dental Hygienist,3,1,N,1,15,36 Killdeer Crossing,2705,0,Australia,1.0,0.55,0.6875,0.6875,0.6875,967,967,0.435625,Irving Babcock
1,3,1951-04-30,Electrical Engineer,5,1,N,1,15,305 Sloan Junction,2168,0,Australia,8.0,0.54,0.675,0.675,0.675,967,967,0.435625,Evered Gludor
0,30,1967-08-23,Nurse,6,0,N,1,4,88 Shopko Way,2034,0,Australia,9.0,0.63,0.7875,0.984375,0.984375,967,967,0.435625,Mavra Finan
0,37,1966-01-02,Senior Quality Engineer,7,2,N,1,13,446 High Crossing Way,4165,1,Australia,5.0,0.48,0.6,0.6,0.51,974,974,0.425,Alex Patshull
0,77,2001-01-24,Structural Engineer,2,0,N,1,10,1530 Columbus Lane,3186,2,Australia,12.0,0.91,1.1375,1.421875,1.421875,974,974,0.425,Aundrea Outridge
1,15,1967-05-06,Environmental Tech,3,2,N,1,5,9 Ruskin Way,3228,2,Australia,9.0,1.07,1.3375,1.671875,1.42109375,977,977,0.42,Esme Pilipets
0,56,1938-12-10,Structural Analysis Engineer,4,2,N,0,9,8 Burning Wood Junction,2232,0,Australia,10.0,0.62,0.62,0.775,0.65875,977,977,0.42,Beverly Domnick
1,77,1977-02-12,Web Designer II,0,2,N,1,13,5 Melvin Park,3810,2,Australia,5.0,0.71,0.8875,0.8875,0.754375,979,979,0.4165,Artemis Swanson
1,93,1986-06-27,Environmental Tech,0,2,N,1,9,21316 Ohio Place,2121,0,Australia,12.0,1.03,1.2875,1.609375,1.36796875,979,979,0.4165,Daryle Marginson
0,83,1951-08-23,Senior Quality Engineer,2,0,N,1,22,1560 Grim Avenue,4720,1,Australia,1.0,0.67,0.8375,1.046875,1.046875,979,979,0.4165,Leona Shorrock
1,45,1956-06-25,Sales Associate,6,2,N,0,8,1 Quincy Road,2565,0,Australia,5.0,1.05,1.05,1.05,0.8925,983,983,0.41,Bertrando Carass
0,83,1987-09-21,Research Nurse,3,2,N,0,15,9460 Monument Park,3277,2,Australia,4.0,0.78,0.78,0.975,0.82875,985,985,0.408,Lauralee Fudge
1,41,1959-09-18,Web Developer I,4,2,N,1,7,72 Village Terrace,2250,0,Australia,8.0,0.83,1.0375,1.0375,0.881875,987,987,0.4,Consalve Ballay
0,44,1997-10-23,Geologist I,3,2,N,0,15,694 Coolidge Center,2620,0,Australia,7.0,0.92,0.92,0.92,0.782,988,988,0.3995,Lolly Prewer
0,64,1943-03-15,Quality Control Specialist,5,2,N,1,11,31854 Anniversary Terrace,2322,0,Australia,7.0,0.68,0.85,0.85,0.7225,988,988,0.3995,Vyky Pegg
0,60,1954-05-14,Help Desk Operator,6,2,N,1,9,260 Briar Crest Drive,4209,1,Australia,6.0,0.84,1.05,1.05,0.8925,988,988,0.3995,Jermaine Bagshawe
1,59,1974-05-15,Automation Specialist I,5,2,N,1,15,56 Moland Crossing,3356,2,Australia,3.0,0.46,0.575,0.575,0.48875,988,988,0.3995,Bryan Jachtym
0,32,1973-12-18,Assistant Media Planner,1,2,N,1,8,1 Shelley Pass,4118,1,Australia,3.0,1.01,1.2625,1.2625,1.073125,993,993,0.391,Renie Laundon
1,38,1959-07-13,Compensation Analyst,2,2,N,1,6,0535 Jay Point,2422,0,Australia,4.0,0.56,0.7,0.7,0.595,994,994,0.3825,Weidar Etheridge
0,15,1990-07-02,Office Assistant IV,7,2,N,0,3,6 Caliangt Way,3079,2,Australia,12.0,1.04,1.04,1.3,1.105,994,994,0.3825,Datha Fishburn
1,60,1959-10-07,Paralegal,2,0,N,0,9,2 Sloan Way,2200,0,Australia,7.0,0.62,0.62,0.62,0.62,996,996,0.374,Ferdinand Romanetti
1,22,2001-10-17,Senior Sales Associate,3,2,N,0,6,04 Union Crossing,2196,0,Australia,10.0,0.75,0.75,0.9375,0.796875,997,997,0.357,Burk Wortley
0,17,1954-10-05,Budget/Accounting Analyst IV,2,0,N,1,15,33475 Fair Oaks Junction,4702,1,Australia,2.0,0.56,0.7,0.7,0.7,997,997,0.357,Melloney Temby
1,30,1952-12-17,Financial Advisor,2,2,N,1,19,57666 Victoria Way,4215,1,Australia,2.0,0.69,0.8625,0.8625,0.733125,997,997,0.357,Dickie Cubbini
1,56,1955-10-02,Staff Accountant IV,6,2,N,1,14,21875 Grover Drive,2010,0,Australia,9.0,0.43,0.5375,0.671875,0.57109375,1000,1000,0.34,Sylas Duffill
